,FIELDID,Latitude,Longitude,Date,Season,SQI,SQI_Rating
38,Bish1,42.482378,-83.460553,2004-04-15,Spring,15,Poor
40,Bish1,42.482378,-83.460553,2003-04-15,Spring,17,Poor
42,Bish1,42.482378,-83.460553,2002-04-15,Spring,21,Fair
44,Bish1,42.482378,-83.460553,2001-04-15,Spring,22,Fair
45,Bish2,42.47131,-83.45151,2022-10-15,Fall,38,Good
47,Bish2,42.47131,-83.45151,2021-10-15,Fall,21,Fair
48,Bish2,42.47131,-83.45151,2021-04-15,Spring,28,Fair
49,Bish2,42.47131,-83.45151,2020-10-15,Fall,20,Fair
51,Bish2,42.47131,-83.45151,2019-10-15,Fall,23,Fair
55,Bish2,42.47131,-83.45151,2017-10-15,Fall,20,Fair
56,Bish2,42.47131,-83.45151,2017-04-15,Spring,26,Fair
58,Bish2,42.47131,-83.45151,2016-04-15,Spring,32,Fair
59,Bish2,42.47131,-83.45151,2015-10-15,Fall,20,Fair
62,Bish2,42.47131,-83.45151,2014-04-15,Spring,15,Poor
63,Bish2,42.47131,-83.45151,2013-10-15,Fall,24,Fair
64,Bish2,42.47131,-83.45151,2013-04-15,Spring,21,Fair
65,Bish2,42.47131,-83.45151,2012-10-15,Fall,17,Poor
66,Bish2,42.47131,-83.45151,2012-04-15,Spring,21,Fair
67,Bish2,42.47131,-83.45151,2011-10-15,Fall,14,Poor
68,Bish2,42.47131,-83.45151,2011-04-15,Spring,18,Poor
70,Bish2,42.47131,-83.45151,2010-04-15,Spring,25,Fair
71,Bish2,42.47131,-83.45151,2009-10-15,Fall,25,Fair
72,Bish2,42.47131,-83.45151,2009-04-15,Spring,16,Poor
73,Bish2,42.47131,-83.45151,2008-10-15,Fall,38,Good
74,Bish2,42.47131,-83.45151,2008-04-15,Spring,24,Fair
75,Bish2,42.47131,-83.45151,2007-10-15,Fall,26,Fair
104,Evan1,42.504517,-83.2333884,2015-04-15,Spring,15,Poor
106,Evan1,42.504517,-83.2333884,2014-04-15,Spring,14,Poor
133,Evan2,42.472955,-83.247905,2022-10-15,Fall,20,Fair
134,Evan2,42.472955,-83.247905,2022-04-15,Spring,16,Poor
135,Evan2,42.472955,-83.247905,2021-10-15,Fall,14,Poor
136,Evan2,42.472955,-83.247905,2021-04-15,Spring,12,Poor
137,Evan2,42.472955,-83.247905,2020-10-15,Fall,21,Fair
139,Evan2,42.472955,-83.247905,2019-10-15,Fall,16,Poor
140,Evan2,42.472955,-83.247905,2019-04-15,Spring,18,Poor
143,Evan2,42.472955,-83.247905,2017-10-15,Fall,13,Poor
145,Evan2,42.472955,-83.247905,2016-10-15,Fall,16,Poor
146,Evan2,42.472955,-83.247905,2016-04-15,Spring,19,Poor
148,Evan2,42.472955,-83.247905,2015-04-15,Spring,14,Poor
179,Evan3,42.459278,-83.268639,2021-10-15,Fall,2,Poor
180,Evan3,42.459278,-83.268639,2021-04-15,Spring,0,
181,Evan3,42.459278,-83.268639,2020-10-15,Fall,0,
182,Evan3,42.459278,-83.268639,2020-04-15,Spring,0,
183,Evan3,42.459278,-83.268639,2019-10-15,Fall,0,
184,Evan3,42.459278,-83.268639,2019-04-15,Spring,0,
186,Evan3,42.459278,-83.268639,2018-04-15,Spring,0,
187,Evan3,42.459278,-83.268639,2017-10-15,Fall,0,
188,Evan3,42.459278,-83.268639,2017-04-15,Spring,0,
221,Fel1,42.35729,-83.53988,2022-10-15,Fall,28,Fair
223,Fel1,42.35729,-83.53988,2021-10-15,Fall,32,Fair
227,Fel1,42.35729,-83.53988,2019-10-15,Fall,21,Fair
229,Fel1,42.35729,-83.53988,2018-10-15,Fall,15,Poor
232,Fel1,42.35729,-83.53988,2017-04-15,Spring,27,Fair
233,Fel1,42.35729,-83.53988,2016-10-15,Fall,26,Fair
234,Fel1,42.35729,-83.53988,2016-04-15,Spring,28,Fair
237,Fel1,42.35729,-83.53988,2014-10-15,Fall,37,Good
238,Fel1,42.35729,-83.53988,2014-04-15,Spring,37,Good
239,Fel1,42.35729,-83.53988,2013-10-15,Fall,23,Fair
240,Fel1,42.35729,-83.53988,2013-04-15,Spring,33,Fair
241,Fel1,42.35729,-83.53988,2012-10-15,Fall,30,Fair
242,Fel1,42.35729,-83.53988,2012-04-15,Spring,26,Fair
244,Fel1,42.35729,-83.53988,2011-04-15,Spring,22,Fair
245,Fel1,42.35729,-83.53988,2010-10-15,Fall,31,Fair
249,Fel1,42.35729,-83.53988,2008-10-15,Fall,33,Fair
252,Fel1,42.35729,-83.53988,2007-04-15,Spring,22,Fair
253,Fel1,42.35729,-83.53988,2006-10-15,Fall,34,Good
254,Fel1,42.35729,-83.53988,2006-04-15,Spring,36,Good
257,Fel1,42.35729,-83.53988,2004-10-15,Fall,22,Fair
258,Fel1,42.35729,-83.53988,2004-04-15,Spring,38,Good
259,Fel1,42.35729,-83.53988,2003-10-15,Fall,26,Fair
260,Fel1,42.35729,-83.53988,2003-04-15,Spring,24,Fair
261,Fel1,42.35729,-83.53988,2002-10-15,Fall,26,Fair
262,Fel1,42.35729,-83.53988,2002-04-15,Spring,34,Good
263,Fel1,42.35729,-83.53988,2001-10-15,Fall,20,Fair
264,Fel1,42.35729,-83.53988,2001-04-15,Spring,33,Fair
265,Fel2,42.31932,-83.5246,2022-10-15,Fall,11,Poor
268,Fel2,42.31932,-83.5246,2021-04-15,Spring,39,Good
273,Fel2,42.31932,-83.5246,2018-10-15,Fall,12,Poor
274,Fel2,42.31932,-83.5246,2018-04-15,Spring,26,Fair
276,Fel2,42.31932,-83.5246,2017-04-15,Spring,32,Fair
277,Fel2,42.31932,-83.5246,2016-10-15,Fall,36,Good
278,Fel2,42.31932,-83.5246,2016-04-15,Spring,37,Good
281,Fel2,42.31932,-83.5246,2014-10-15,Fall,18,Poor
282,Fel2,42.31932,-83.5246,2014-04-15,Spring,20,Fair
283,Fel2,42.31932,-83.5246,2013-10-15,Fall,39,Good
284,Fel2,42.31932,-83.5246,2013-04-15,Spring,23,Fair
287,Fel2,42.31932,-83.5246,2011-10-15,Fall,25,Fair
288,Fel2,42.31932,-83.5246,2011-04-15,Spring,33,Fair
289,Fel2,42.31932,-83.5246,2010-10-15,Fall,25,Fair
290,Fel2,42.31932,-83.5246,2010-04-15,Spring,40,Good
291,Fel2,42.31932,-83.5246,2009-10-15,Fall,14,Poor
294,Fel2,42.31932,-83.5246,2008-04-15,Spring,26,Fair
295,Fel2,42.31932,-83.5246,2007-10-15,Fall,32,Fair
296,Fel2,42.31932,-83.5246,2007-04-15,Spring,31,Fair
297,Fel2,42.31932,-83.5246,2006-10-15,Fall,23,Fair
298,Fel2,42.31932,-83.5246,2006-04-15,Spring,23,Fair
300,Fel2,42.31932,-83.5246,2005-04-15,Spring,27,Fair
301,Fel2,42.31932,-83.5246,2004-10-15,Fall,27,Fair
302,Fel2,42.31932,-83.5246,2004-04-15,Spring,23,Fair
303,Fel2,42.31932,-83.5246,2003-10-15,Fall,37,Good
304,Fel2,42.31932,-83.5246,2003-04-15,Spring,22,Fair
305,Fel2,42.31932,-83.5246,2002-10-15,Fall,20,Fair
306,Fel2,42.31932,-83.5246,2002-04-15,Spring,23,Fair
309,Fel4,42.31346,-83.46471,2022-10-15,Fall,25,Fair
318,Fel4,42.31346,-83.46471,2018-04-15,Spring,28,Fair
319,Fel4,42.31346,-83.46471,2017-10-15,Fall,18,Poor
323,Fel4,42.31346,-83.46471,2015-10-15,Fall,33,Fair
324,Fel4,42.31346,-83.46471,2015-04-15,Spring,33,Fair
325,Fel4,42.31346,-83.46471,2014-10-15,Fall,10,Poor
327,Fel4,42.31346,-83.46471,2013-10-15,Fall,25,Fair
329,Fel4,42.31346,-83.46471,2012-10-15,Fall,24,Fair
330,Fel4,42.31346,-83.46471,2012-04-15,Spring,20,Fair
331,Fel4,42.31346,-83.46471,2011-10-15,Fall,25,Fair
332,Fel4,42.31346,-83.46471,2011-04-15,Spring,18,Poor
334,Fel4,42.31346,-83.46471,2010-04-15,Spring,25,Fair
337,Fel4,42.31346,-83.46471,2008-10-15,Fall,32,Fair
338,Fel4,42.31346,-83.46471,2008-04-15,Spring,25,Fair
339,Fel4,42.31346,-83.46471,2007-10-15,Fall,41,Good
340,Fel4,42.31346,-83.46471,2007-04-15,Spring,24,Fair
342,Fel4,42.31346,-83.46471,2006-04-15,Spring,26,Fair
343,Fel4,42.31346,-83.46471,2005-10-15,Fall,33,Fair
344,Fel4,42.31346,-83.46471,2005-04-15,Spring,12,Poor
353,Fel5,42.335263,-83.539831,2022-10-15,Fall,17,Poor
359,Fel5,42.335263,-83.539831,2019-10-15,Fall,22,Fair
364,Fel5,42.335263,-83.539831,2017-04-15,Spring,41,Good
368,Fel5,42.335263,-83.539831,2015-04-15,Spring,41,Good
369,Fel5,42.335263,-83.539831,2014-10-15,Fall,35,Good
371,Fel5,42.335263,-83.539831,2013-10-15,Fall,25,Fair
397,Fel6,42.328188,-83.532192,2022-10-15,Fall,22,Fair
399,Fel6,42.328188,-83.532192,2021-10-15,Fall,29,Fair
406,Fel6,42.328188,-83.532192,2018-04-15,Spring,40,Good
408,Fel6,42.328188,-83.532192,2017-04-15,Spring,22,Fair
412,Fel6,42.328188,-83.532192,2015-04-15,Spring,25,Fair
441,Fowl1,42.30423,-83.60516,2022-10-15,Fall,34,Good
442,Fowl1,42.30423,-83.60516,2022-04-15,Spring,39,Good
443,Fowl1,42.30423,-83.60516,2021-10-15,Fall,23,Fair
444,Fowl1,42.30423,-83.60516,2021-04-15,Spring,20,Fair
445,Fowl1,42.30423,-83.60516,2020-10-15,Fall,28,Fair
447,Fowl1,42.30423,-83.60516,2019-10-15,Fall,27,Fair
448,Fowl1,42.30423,-83.60516,2019-04-15,Spring,33,Fair
449,Fowl1,42.30423,-83.60516,2018-10-15,Fall,15,Poor
450,Fowl1,42.30423,-83.60516,2018-04-15,Spring,31,Fair
455,Fowl1,42.30423,-83.60516,2015-10-15,Fall,22,Fair
456,Fowl1,42.30423,-83.60516,2015-04-15,Spring,42,Good
457,Fowl1,42.30423,-83.60516,2014-10-15,Fall,38,Good
458,Fowl1,42.30423,-83.60516,2014-04-15,Spring,34,Good
459,Fowl1,42.30423,-83.60516,2013-10-15,Fall,18,Poor
460,Fowl1,42.30423,-83.60516,2013-04-15,Spring,43,Good
461,Fowl1,42.30423,-83.60516,2012-10-15,Fall,41,Good
464,Fowl1,42.30423,-83.60516,2011-04-15,Spring,37,Good
465,Fowl1,42.30423,-83.60516,2010-10-15,Fall,39,Good
466,Fowl1,42.30423,-83.60516,2010-04-15,Spring,38,Good
467,Fowl1,42.30423,-83.60516,2009-10-15,Fall,19,Poor
471,Fowl1,42.30423,-83.60516,2007-10-15,Fall,32,Fair
472,Fowl1,42.30423,-83.60516,2007-04-15,Spring,49,Excellent
473,Fowl1,42.30423,-83.60516,2006-10-15,Fall,26,Fair
474,Fowl1,42.30423,-83.60516,2006-04-15,Spring,45,Good
475,Fowl1,42.30423,-83.60516,2005-10-15,Fall,27,Fair
476,Fowl1,42.30423,-83.60516,2005-04-15,Spring,23,Fair
477,Fowl1,42.30423,-83.60516,2004-10-15,Fall,23,Fair
478,Fowl1,42.30423,-83.60516,2004-04-15,Spring,29,Fair
479,Fowl1,42.30423,-83.60516,2003-10-15,Fall,39,Good
480,Fowl1,42.30423,-83.60516,2003-04-15,Spring,35,Good
481,Fowl1,42.30423,-83.60516,2002-10-15,Fall,33,Fair
482,Fowl1,42.30423,-83.60516,2002-04-15,Spring,23,Fair
483,Fowl1,42.30423,-83.60516,2001-10-15,Fall,32,Fair
484,Fowl1,42.30423,-83.60516,2001-04-15,Spring,30,Fair
485,Fowl2,42.28226,-83.50515,2022-10-15,Fall,20,Fair
488,Fowl2,42.28226,-83.50515,2021-04-15,Spring,24,Fair
493,Fowl2,42.28226,-83.50515,2018-10-15,Fall,19,Poor
494,Fowl2,42.28226,-83.50515,2018-04-15,Spring,25,Fair
498,Fowl2,42.28226,-83.50515,2016-04-15,Spring,22,Fair
499,Fowl2,42.28226,-83.50515,2015-10-15,Fall,22,Fair
500,Fowl2,42.28226,-83.50515,2015-04-15,Spring,26,Fair
501,Fowl2,42.28226,-83.50515,2014-10-15,Fall,26,Fair
502,Fowl2,42.28226,-83.50515,2014-04-15,Spring,21,Fair
503,Fowl2,42.28226,-83.50515,2013-10-15,Fall,24,Fair
504,Fowl2,42.28226,-83.50515,2013-04-15,Spring,28,Fair
505,Fowl2,42.28226,-83.50515,2012-10-15,Fall,28,Fair
509,Fowl2,42.28226,-83.50515,2010-10-15,Fall,26,Fair
510,Fowl2,42.28226,-83.50515,2010-04-15,Spring,41,Good
513,Fowl2,42.28226,-83.50515,2008-10-15,Fall,21,Fair
514,Fowl2,42.28226,-83.50515,2008-04-15,Spring,33,Fair
515,Fowl2,42.28226,-83.50515,2007-10-15,Fall,26,Fair
516,Fowl2,42.28226,-83.50515,2007-04-15,Spring,46,Good
517,Fowl2,42.28226,-83.50515,2006-10-15,Fall,27,Fair
518,Fowl2,42.28226,-83.50515,2006-04-15,Spring,28,Fair
520,Fowl2,42.28226,-83.50515,2005-04-15,Spring,20,Fair
538,Frank1,42.53024,-83.30585,2018-04-15,Spring,13,Poor
542,Frank1,42.53024,-83.30585,2016-04-15,Spring,24,Fair
546,Frank1,42.53024,-83.30585,2014-04-15,Spring,16,Poor
549,Frank1,42.53024,-83.30585,2012-10-15,Fall,18,Poor
550,Frank1,42.53024,-83.30585,2012-04-15,Spring,33,Fair
551,Frank1,42.53024,-83.30585,2011-10-15,Fall,28,Fair
554,Frank1,42.53024,-83.30585,2010-04-15,Spring,24,Fair
556,Frank1,42.53024,-83.30585,2009-04-15,Spring,17,Poor
557,Frank1,42.53024,-83.30585,2008-10-15,Fall,17,Poor
559,Frank1,42.53024,-83.30585,2007-10-15,Fall,14,Poor
560,Frank1,42.53024,-83.30585,2007-04-15,Spring,39,Good
564,Frank1,42.53024,-83.30585,2005-04-15,Spring,17,Poor
565,Frank1,42.53024,-83.30585,2004-10-15,Fall,24,Fair
566,Frank1,42.53024,-83.30585,2004-04-15,Spring,18,Poor
567,Frank1,42.53024,-83.30585,2003-10-15,Fall,24,Fair
568,Frank1,42.53024,-83.30585,2003-04-15,Spring,25,Fair
569,Frank1,42.53024,-83.30585,2002-10-15,Fall,20,Fair
572,Frank1,42.53024,-83.30585,2001-04-15,Spring,28,Fair
575,Frank2,42.529325,-83.325381,2021-10-15,Fall,20,Fair
577,Frank2,42.529325,-83.325381,2020-10-15,Fall,20,Fair
580,Frank2,42.529325,-83.325381,2019-04-15,Spring,13,Poor
582,Frank2,42.529325,-83.325381,2018-04-15,Spring,13,Poor
585,Frank2,42.529325,-83.325381,2016-10-15,Fall,12,Poor
586,Frank2,42.529325,-83.325381,2016-04-15,Spring,15,Poor
587,Frank2,42.529325,-83.325381,2015-10-15,Fall,9,Poor
589,Frank2,42.529325,-83.325381,2014-10-15,Fall,30,Fair
590,Frank2,42.529325,-83.325381,2014-04-15,Spring,27,Fair
593,Frank2,42.529325,-83.325381,2012-10-15,Fall,34,Good
594,Frank2,42.529325,-83.325381,2012-04-15,Spring,24,Fair
595,Frank2,42.529325,-83.325381,2011-10-15,Fall,28,Fair
597,Frank2,42.529325,-83.325381,2010-10-15,Fall,15,Poor
598,Frank2,42.529325,-83.325381,2010-04-15,Spring,25,Fair
600,Frank2,42.529325,-83.325381,2009-04-15,Spring,28,Fair
617,Ing1,42.46293,-83.44552,2022-10-15,Fall,27,Fair
618,Ing1,42.46293,-83.44552,2022-04-15,Spring,20,Fair
619,Ing1,42.46293,-83.44552,2021-10-15,Fall,31,Fair
620,Ing1,42.46293,-83.44552,2021-04-15,Spring,24,Fair
621,Ing1,42.46293,-83.44552,2020-10-15,Fall,24,Fair
623,Ing1,42.46293,-83.44552,2019-10-15,Fall,28,Fair
627,Ing1,42.46293,-83.44552,2017-10-15,Fall,21,Fair
628,Ing1,42.46293,-83.44552,2017-04-15,Spring,31,Fair
629,Ing1,42.46293,-83.44552,2016-10-15,Fall,21,Fair
630,Ing1,42.46293,-83.44552,2016-04-15,Spring,30,Fair
631,Ing1,42.46293,-83.44552,2015-10-15,Fall,5,Poor
634,Ing1,42.46293,-83.44552,2014-04-15,Spring,22,Fair
635,Ing1,42.46293,-83.44552,2013-10-15,Fall,32,Fair
636,Ing1,42.46293,-83.44552,2013-04-15,Spring,18,Poor
637,Ing1,42.46293,-83.44552,2012-10-15,Fall,36,Good
640,Ing1,42.46293,-83.44552,2011-04-15,Spring,25,Fair
641,Ing1,42.46293,-83.44552,2010-10-15,Fall,28,Fair
643,Ing1,42.46293,-83.44552,2009-10-15,Fall,29,Fair
646,Ing1,42.46293,-83.44552,2008-04-15,Spring,24,Fair
647,Ing1,42.46293,-83.44552,2007-10-15,Fall,36,Good
648,Ing1,42.46293,-83.44552,2007-04-15,Spring,26,Fair
650,Ing1,42.46293,-83.44552,2006-04-15,Spring,18,Poor
651,Ing1,42.46293,-83.44552,2005-10-15,Fall,31,Fair
652,Ing1,42.46293,-83.44552,2005-04-15,Spring,18,Poor
654,Ing1,42.46293,-83.44552,2004-04-15,Spring,36,Good
655,Ing1,42.46293,-83.44552,2003-10-15,Fall,42,Good
661,John1,42.3897,-83.58194,2022-10-15,Fall,34,Good
662,John1,42.3897,-83.58194,2022-04-15,Spring,46,Good
663,John1,42.3897,-83.58194,2021-10-15,Fall,36,Good
664,John1,42.3897,-83.58194,2021-04-15,Spring,44,Good
665,John1,42.3897,-83.58194,2020-10-15,Fall,41,Good
667,John1,42.3897,-83.58194,2019-10-15,Fall,51,Excellent
668,John1,42.3897,-83.58194,2019-04-15,Spring,42,Good
672,John1,42.3897,-83.58194,2017-04-15,Spring,43,Good
675,John1,42.3897,-83.58194,2015-10-15,Fall,30,Fair
676,John1,42.3897,-83.58194,2015-04-15,Spring,52,Excellent
679,John1,42.3897,-83.58194,2013-10-15,Fall,49,Excellent
680,John1,42.3897,-83.58194,2013-04-15,Spring,48,Good
683,John1,42.3897,-83.58194,2011-10-15,Fall,39,Good
686,John1,42.3897,-83.58194,2010-04-15,Spring,42,Good
687,John1,42.3897,-83.58194,2009-10-15,Fall,47,Good
692,John1,42.3897,-83.58194,2007-04-15,Spring,44,Good
693,John1,42.3897,-83.58194,2006-10-15,Fall,39,Good
694,John1,42.3897,-83.58194,2006-04-15,Spring,55,Excellent
695,John1,42.3897,-83.58194,2005-10-15,Fall,35,Good
696,John1,42.3897,-83.58194,2005-04-15,Spring,46,Good
697,John1,42.3897,-83.58194,2004-10-15,Fall,24,Fair
698,John1,42.3897,-83.58194,2004-04-15,Spring,37,Good
699,John1,42.3897,-83.58194,2003-10-15,Fall,15,Poor
700,John1,42.3897,-83.58194,2003-04-15,Spring,42,Good
701,John1,42.3897,-83.58194,2002-10-15,Fall,41,Good
702,John1,42.3897,-83.58194,2002-04-15,Spring,48,Good
703,John1,42.3897,-83.58194,2001-10-15,Fall,27,Fair
704,John1,42.3897,-83.58194,2001-04-15,Spring,38,Good
705,John2,42.3938201,-83.5342002,2022-10-15,Fall,38,Good
706,John2,42.3938201,-83.5342002,2022-04-15,Spring,40,Good
707,John2,42.3938201,-83.5342002,2021-10-15,Fall,33,Fair
709,John2,42.3938201,-83.5342002,2020-10-15,Fall,42,Good
711,John2,42.3938201,-83.5342002,2019-10-15,Fall,48,Good
716,John2,42.3938201,-83.5342002,2017-04-15,Spring,33,Fair
718,John2,42.3938201,-83.5342002,2016-04-15,Spring,60,Excellent
719,John2,42.3938201,-83.5342002,2015-10-15,Fall,37,Good
720,John2,42.3938201,-83.5342002,2015-04-15,Spring,46,Good
723,John2,42.3938201,-83.5342002,2013-10-15,Fall,47,Good
724,John2,42.3938201,-83.5342002,2013-04-15,Spring,57,Excellent
726,John2,42.3938201,-83.5342002,2012-04-15,Spring,58,Excellent
727,John2,42.3938201,-83.5342002,2011-10-15,Fall,40,Good
728,John2,42.3938201,-83.5342002,2011-04-15,Spring,45,Good
731,John2,42.3938201,-83.5342002,2009-10-15,Fall,46,Good
735,John2,42.3938201,-83.5342002,2007-10-15,Fall,47,Good
736,John2,42.3938201,-83.5342002,2007-04-15,Spring,49,Excellent
737,John2,42.3938201,-83.5342002,2006-10-15,Fall,40,Good
738,John2,42.3938201,-83.5342002,2006-04-15,Spring,53,Excellent
739,John2,42.3938201,-83.5342002,2005-10-15,Fall,37,Good
740,John2,42.3938201,-83.5342002,2005-04-15,Spring,42,Good
741,John2,42.3938201,-83.5342002,2004-10-15,Fall,33,Fair
742,John2,42.3938201,-83.5342002,2004-04-15,Spring,44,Good
743,John2,42.3938201,-83.5342002,2003-10-15,Fall,43,Good
744,John2,42.3938201,-83.5342002,2003-04-15,Spring,38,Good
745,John2,42.3938201,-83.5342002,2002-10-15,Fall,24,Fair
746,John2,42.3938201,-83.5342002,2002-04-15,Spring,32,Fair
747,John2,42.3938201,-83.5342002,2001-10-15,Fall,18,Poor
748,John2,42.3938201,-83.5342002,2001-04-15,Spring,39,Good
749,John3,42.40844,-83.51693,2022-10-15,Fall,39,Good
750,John3,42.40844,-83.51693,2022-04-15,Spring,41,Good
751,John3,42.40844,-83.51693,2021-10-15,Fall,34,Good
752,John3,42.40844,-83.51693,2021-04-15,Spring,36,Good
753,John3,42.40844,-83.51693,2020-10-15,Fall,31,Fair
757,John3,42.40844,-83.51693,2018-10-15,Fall,44,Good
760,John3,42.40844,-83.51693,2017-04-15,Spring,31,Fair
761,John3,42.40844,-83.51693,2016-10-15,Fall,34,Good
762,John3,42.40844,-83.51693,2016-04-15,Spring,27,Fair
766,John3,42.40844,-83.51693,2014-04-15,Spring,49,Excellent
767,John3,42.40844,-83.51693,2013-10-15,Fall,31,Fair
768,John3,42.40844,-83.51693,2013-04-15,Spring,52,Excellent
771,John3,42.40844,-83.51693,2011-10-15,Fall,30,Fair
775,John3,42.40844,-83.51693,2009-10-15,Fall,51,Excellent
778,John3,42.40844,-83.51693,2008-04-15,Spring,39,Good
779,John3,42.40844,-83.51693,2007-10-15,Fall,51,Excellent
781,John3,42.40844,-83.51693,2006-10-15,Fall,31,Fair
782,John3,42.40844,-83.51693,2006-04-15,Spring,37,Good
783,John3,42.40844,-83.51693,2005-10-15,Fall,30,Fair
784,John3,42.40844,-83.51693,2005-04-15,Spring,33,Fair
785,John3,42.40844,-83.51693,2004-10-15,Fall,26,Fair
786,John3,42.40844,-83.51693,2004-04-15,Spring,30,Fair
787,John3,42.40844,-83.51693,2003-10-15,Fall,26,Fair
788,John3,42.40844,-83.51693,2003-04-15,Spring,35,Good
789,John3,42.40844,-83.51693,2002-10-15,Fall,35,Good
790,John3,42.40844,-83.51693,2002-04-15,Spring,43,Good
791,John3,42.40844,-83.51693,2001-10-15,Fall,9,Poor
792,John3,42.40844,-83.51693,2001-04-15,Spring,32,Fair
795,John5,42.4224,-83.49289,2021-10-15,Fall,37,Good
797,John5,42.4224,-83.49289,2020-10-15,Fall,36,Good
801,John5,42.4224,-83.49289,2018-10-15,Fall,29,Fair
802,John5,42.4224,-83.49289,2018-04-15,Spring,40,Good
803,John5,42.4224,-83.49289,2017-10-15,Fall,41,Good
808,John5,42.4224,-83.49289,2015-04-15,Spring,34,Good
809,John5,42.4224,-83.49289,2014-10-15,Fall,40,Good
810,John5,42.4224,-83.49289,2014-04-15,Spring,38,Good
813,John5,42.4224,-83.49289,2012-10-15,Fall,39,Good
814,John5,42.4224,-83.49289,2012-04-15,Spring,28,Fair
815,John5,42.4224,-83.49289,2011-10-15,Fall,21,Fair
820,John5,42.4224,-83.49289,2009-04-15,Spring,46,Good
823,John5,42.4224,-83.49289,2007-10-15,Fall,39,Good
825,John5,42.4224,-83.49289,2006-10-15,Fall,29,Fair
826,John5,42.4224,-83.49289,2006-04-15,Spring,21,Fair
827,John5,42.4224,-83.49289,2005-10-15,Fall,40,Good
828,John5,42.4224,-83.49289,2005-04-15,Spring,26,Fair
829,John5,42.4224,-83.49289,2004-10-15,Fall,25,Fair
830,John5,42.4224,-83.49289,2004-04-15,Spring,23,Fair
831,John5,42.4224,-83.49289,2003-10-15,Fall,30,Fair
832,John5,42.4224,-83.49289,2003-04-15,Spring,26,Fair
833,John5,42.4224,-83.49289,2002-10-15,Fall,29,Fair
834,John5,42.4224,-83.49289,2002-04-15,Spring,17,Poor
836,John5,42.4224,-83.49289,2001-04-15,Spring,26,Fair
845,John6,42.42546,-83.48138,2018-10-15,Fall,37,Good
846,John6,42.42546,-83.48138,2018-04-15,Spring,41,Good
849,John6,42.42546,-83.48138,2016-10-15,Fall,39,Good
850,John6,42.42546,-83.48138,2016-04-15,Spring,44,Good
852,John6,42.42546,-83.48138,2015-04-15,Spring,26,Fair
853,John6,42.42546,-83.48138,2014-10-15,Fall,42,Good
854,John6,42.42546,-83.48138,2014-04-15,Spring,45,Good
855,John6,42.42546,-83.48138,2013-10-15,Fall,28,Fair
858,John6,42.42546,-83.48138,2012-04-15,Spring,35,Good
859,John6,42.42546,-83.48138,2011-10-15,Fall,47,Good
862,John6,42.42546,-83.48138,2010-04-15,Spring,43,Good
863,John6,42.42546,-83.48138,2009-10-15,Fall,45,Good
865,John6,42.42546,-83.48138,2008-10-15,Fall,42,Good
866,John6,42.42546,-83.48138,2008-04-15,Spring,15,Poor
870,John6,42.42546,-83.48138,2006-04-15,Spring,20,Fair
871,John6,42.42546,-83.48138,2005-10-15,Fall,32,Fair
872,John6,42.42546,-83.48138,2005-04-15,Spring,10,Poor
881,John7,42.3985716,-83.5279588,2022-10-15,Fall,25,Fair
883,John7,42.3985716,-83.5279588,2021-10-15,Fall,40,Good
885,John7,42.3985716,-83.5279588,2020-10-15,Fall,28,Fair
889,John7,42.3985716,-83.5279588,2018-10-15,Fall,39,Good
891,John7,42.3985716,-83.5279588,2017-10-15,Fall,33,Fair
892,John7,42.3985716,-83.5279588,2017-04-15,Spring,22,Fair
895,John7,42.3985716,-83.5279588,2015-10-15,Fall,48,Good
896,John7,42.3985716,-83.5279588,2015-04-15,Spring,45,Good
897,John7,42.3985716,-83.5279588,2014-10-15,Fall,34,Good
898,John7,42.3985716,-83.5279588,2014-04-15,Spring,30,Fair
900,John7,42.3985716,-83.5279588,2013-04-15,Spring,39,Good
901,John7,42.3985716,-83.5279588,2012-10-15,Fall,31,Fair
904,John7,42.3985716,-83.5279588,2011-04-15,Spring,35,Good
907,John7,42.3985716,-83.5279588,2009-10-15,Fall,37,Good
908,John7,42.3985716,-83.5279588,2009-04-15,Spring,38,Good
909,John7,42.3985716,-83.5279588,2008-10-15,Fall,31,Fair
910,John7,42.3985716,-83.5279588,2008-04-15,Spring,46,Good
911,John7,42.3985716,-83.5279588,2007-10-15,Fall,31,Fair
912,John7,42.3985716,-83.5279588,2007-04-15,Spring,36,Good
926,John8,42.42148,-83.54396,2022-04-15,Spring,46,Good
927,John8,42.42148,-83.54396,2021-10-15,Fall,50,Excellent
928,John8,42.42148,-83.54396,2021-04-15,Spring,52,Excellent
933,John8,42.42148,-83.54396,2018-10-15,Fall,35,Good
936,John8,42.42148,-83.54396,2017-04-15,Spring,46,Good
940,John8,42.42148,-83.54396,2015-04-15,Spring,36,Good
941,John8,42.42148,-83.54396,2014-10-15,Fall,52,Excellent
944,John8,42.42148,-83.54396,2013-04-15,Spring,48,Good
945,John8,42.42148,-83.54396,2012-10-15,Fall,41,Good
946,John8,42.42148,-83.54396,2012-04-15,Spring,47,Good
947,John8,42.42148,-83.54396,2011-10-15,Fall,51,Excellent
948,John8,42.42148,-83.54396,2011-04-15,Spring,54,Excellent
949,John8,42.42148,-83.54396,2010-10-15,Fall,53,Excellent
950,John8,42.42148,-83.54396,2010-04-15,Spring,62,Excellent
978,Low12,42.2838277,-83.474042,2018-04-15,Spring,22,Fair
980,Low12,42.2838277,-83.474042,2017-04-15,Spring,36,Good
1013,Low2,42.30724,-83.53793,2022-10-15,Fall,33,Fair
1014,Low2,42.30724,-83.53793,2022-04-15,Spring,17,Poor
1015,Low2,42.30724,-83.53793,2021-10-15,Fall,26,Fair
1016,Low2,42.30724,-83.53793,2021-04-15,Spring,42,Good
1017,Low2,42.30724,-83.53793,2020-10-15,Fall,25,Fair
1019,Low2,42.30724,-83.53793,2019-10-15,Fall,25,Fair
1021,Low2,42.30724,-83.53793,2018-10-15,Fall,26,Fair
1022,Low2,42.30724,-83.53793,2018-04-15,Spring,34,Good
1024,Low2,42.30724,-83.53793,2017-04-15,Spring,27,Fair
1025,Low2,42.30724,-83.53793,2016-10-15,Fall,15,Poor
1028,Low2,42.30724,-83.53793,2015-04-15,Spring,32,Fair
1029,Low2,42.30724,-83.53793,2014-10-15,Fall,23,Fair
1030,Low2,42.30724,-83.53793,2014-04-15,Spring,22,Fair
1031,Low2,42.30724,-83.53793,2013-10-15,Fall,28,Fair
1032,Low2,42.30724,-83.53793,2013-04-15,Spring,24,Fair
1035,Low2,42.30724,-83.53793,2011-10-15,Fall,30,Fair
1036,Low2,42.30724,-83.53793,2011-04-15,Spring,28,Fair
1041,Low2,42.30724,-83.53793,2008-10-15,Fall,34,Good
1042,Low2,42.30724,-83.53793,2008-04-15,Spring,44,Good
1044,Low2,42.30724,-83.53793,2007-04-15,Spring,30,Fair
1045,Low2,42.30724,-83.53793,2006-10-15,Fall,41,Good
1046,Low2,42.30724,-83.53793,2006-04-15,Spring,37,Good
1047,Low2,42.30724,-83.53793,2005-10-15,Fall,38,Good
1048,Low2,42.30724,-83.53793,2005-04-15,Spring,24,Fair
1049,Low2,42.30724,-83.53793,2004-10-15,Fall,25,Fair
1050,Low2,42.30724,-83.53793,2004-04-15,Spring,30,Fair
1052,Low2,42.30724,-83.53793,2003-04-15,Spring,18,Poor
1069,Low3,42.3227,-83.565967,2016-10-15,Fall,15,Poor
1070,Low3,42.3227,-83.565967,2016-04-15,Spring,43,Good
1072,Low3,42.3227,-83.565967,2015-04-15,Spring,33,Fair
1073,Low3,42.3227,-83.565967,2014-10-15,Fall,41,Good
1074,Low3,42.3227,-83.565967,2014-04-15,Spring,32,Fair
1075,Low3,42.3227,-83.565967,2013-10-15,Fall,27,Fair
1109,Low4,42.2866039,-83.4756605,2018-10-15,Fall,20,Fair
1110,Low4,42.2866039,-83.4756605,2018-04-15,Spring,19,Poor
1111,Low4,42.2866039,-83.4756605,2017-10-15,Fall,12,Poor
1116,Low4,42.2866039,-83.4756605,2015-04-15,Spring,21,Fair
1117,Low4,42.2866039,-83.4756605,2014-10-15,Fall,22,Fair
1118,Low4,42.2866039,-83.4756605,2014-04-15,Spring,26,Fair
1119,Low4,42.2866039,-83.4756605,2013-10-15,Fall,28,Fair
1160,Low5,42.282389,-83.437141,2015-04-15,Spring,30,Fair
1233,LR-1,42.280425,-83.42027,2022-10-15,Fall,30,Fair
1240,LR-1,42.280425,-83.42027,2019-04-15,Spring,27,Fair
1241,LR-1,42.280425,-83.42027,2018-10-15,Fall,31,Fair
1242,LR-1,42.280425,-83.42027,2018-04-15,Spring,29,Fair
1245,LR-1,42.280425,-83.42027,2016-10-15,Fall,37,Good
1247,LR-1,42.280425,-83.42027,2015-10-15,Fall,27,Fair
1248,LR-1,42.280425,-83.42027,2015-04-15,Spring,30,Fair
1249,LR-1,42.280425,-83.42027,2014-10-15,Fall,34,Good
1250,LR-1,42.280425,-83.42027,2014-04-15,Spring,39,Good
1251,LR-1,42.280425,-83.42027,2013-10-15,Fall,25,Fair
1252,LR-1,42.280425,-83.42027,2013-04-15,Spring,35,Good
1259,LR-1,42.280425,-83.42027,2009-10-15,Fall,26,Fair
1260,LR-1,42.280425,-83.42027,2009-04-15,Spring,29,Fair
1261,LR-1,42.280425,-83.42027,2008-10-15,Fall,36,Good
1262,LR-1,42.280425,-83.42027,2008-04-15,Spring,26,Fair
1263,LR-1,42.280425,-83.42027,2007-10-15,Fall,20,Fair
1264,LR-1,42.280425,-83.42027,2007-04-15,Spring,34,Good
1265,LR-1,42.280425,-83.42027,2006-10-15,Fall,30,Fair
1266,LR-1,42.280425,-83.42027,2006-04-15,Spring,25,Fair
1267,LR-1,42.280425,-83.42027,2005-10-15,Fall,18,Poor
1268,LR-1,42.280425,-83.42027,2005-04-15,Spring,20,Fair
1284,LR-10,42.298506,-83.305839,2019-04-15,Spring,22,Fair
1285,LR-10,42.298506,-83.305839,2018-10-15,Fall,13,Poor
1286,LR-10,42.298506,-83.305839,2018-04-15,Spring,22,Fair
1287,LR-10,42.298506,-83.305839,2017-10-15,Fall,17,Poor
1290,LR-10,42.298506,-83.305839,2016-04-15,Spring,30,Fair
1291,LR-10,42.298506,-83.305839,2015-10-15,Fall,33,Fair
1292,LR-10,42.298506,-83.305839,2015-04-15,Spring,28,Fair
1293,LR-10,42.298506,-83.305839,2014-10-15,Fall,23,Fair
1294,LR-10,42.298506,-83.305839,2014-04-15,Spring,25,Fair
1295,LR-10,42.298506,-83.305839,2013-10-15,Fall,19,Poor
1296,LR-10,42.298506,-83.305839,2013-04-15,Spring,26,Fair
1297,LR-10,42.298506,-83.305839,2012-10-15,Fall,22,Fair
1298,LR-10,42.298506,-83.305839,2012-04-15,Spring,28,Fair
1299,LR-10,42.298506,-83.305839,2011-10-15,Fall,32,Fair
1300,LR-10,42.298506,-83.305839,2011-04-15,Spring,24,Fair
1301,LR-10,42.298506,-83.305839,2010-10-15,Fall,31,Fair
1334,LR-11,42.309888,-83.24854,2016-04-15,Spring,19,Poor
1341,LR-11,42.309888,-83.24854,2012-10-15,Fall,25,Fair
1343,LR-11,42.309888,-83.24854,2011-10-15,Fall,21,Fair
1345,LR-11,42.309888,-83.24854,2010-10-15,Fall,18,Poor
1373,LR-11A,42.3125679,-83.2415233,2018-10-15,Fall,19,Poor
1374,LR-11A,42.3125679,-83.2415233,2018-04-15,Spring,20,Fair
1375,LR-11A,42.3125679,-83.2415233,2017-10-15,Fall,20,Fair
1376,LR-11A,42.3125679,-83.2415233,2017-04-15,Spring,14,Poor
1377,LR-11A,42.3125679,-83.2415233,2016-10-15,Fall,28,Fair
1378,LR-11A,42.3125679,-83.2415233,2016-04-15,Spring,23,Fair
1380,LR-11A,42.3125679,-83.2415233,2015-04-15,Spring,26,Fair
1381,LR-11A,42.3125679,-83.2415233,2014-10-15,Fall,29,Fair
1382,LR-11A,42.3125679,-83.2415233,2014-04-15,Spring,18,Poor
1384,LR-11A,42.3125679,-83.2415233,2013-04-15,Spring,12,Poor
1386,LR-11A,42.3125679,-83.2415233,2012-04-15,Spring,22,Fair
1388,LR-11A,42.3125679,-83.2415233,2011-04-15,Spring,25,Fair
1409,LR-12,42.282317,-83.466103,2022-10-15,Fall,33,Fair
1412,LR-12,42.282317,-83.466103,2021-04-15,Spring,43,Good
1415,LR-12,42.282317,-83.466103,2019-10-15,Fall,39,Good
1416,LR-12,42.282317,-83.466103,2019-04-15,Spring,26,Fair
1417,LR-12,42.282317,-83.466103,2018-10-15,Fall,25,Fair
1418,LR-12,42.282317,-83.466103,2018-04-15,Spring,15,Poor
1419,LR-12,42.282317,-83.466103,2017-10-15,Fall,29,Fair
1422,LR-12,42.282317,-83.466103,2016-04-15,Spring,30,Fair
1423,LR-12,42.282317,-83.466103,2015-10-15,Fall,30,Fair
1424,LR-12,42.282317,-83.466103,2015-04-15,Spring,36,Good
1425,LR-12,42.282317,-83.466103,2014-10-15,Fall,30,Fair
1426,LR-12,42.282317,-83.466103,2014-04-15,Spring,34,Good
1427,LR-12,42.282317,-83.466103,2013-10-15,Fall,40,Good
1428,LR-12,42.282317,-83.466103,2013-04-15,Spring,35,Good
1429,LR-12,42.282317,-83.466103,2012-10-15,Fall,37,Good
1430,LR-12,42.282317,-83.466103,2012-04-15,Spring,37,Good
1466,LR-2,42.281962,-83.503009,2016-04-15,Spring,29,Fair
1467,LR-2,42.281962,-83.503009,2015-10-15,Fall,25,Fair
1468,LR-2,42.281962,-83.503009,2015-04-15,Spring,35,Good
1469,LR-2,42.281962,-83.503009,2014-10-15,Fall,31,Fair
1470,LR-2,42.281962,-83.503009,2014-04-15,Spring,24,Fair
1471,LR-2,42.281962,-83.503009,2013-10-15,Fall,21,Fair
1473,LR-2,42.281962,-83.503009,2012-10-15,Fall,27,Fair
1482,LR-2,42.281962,-83.503009,2008-04-15,Spring,43,Good
1483,LR-2,42.281962,-83.503009,2007-10-15,Fall,32,Fair
1484,LR-2,42.281962,-83.503009,2007-04-15,Spring,18,Poor
1485,LR-2,42.281962,-83.503009,2006-10-15,Fall,40,Good
1486,LR-2,42.281962,-83.503009,2006-04-15,Spring,37,Good
1487,LR-2,42.281962,-83.503009,2005-10-15,Fall,24,Fair
1497,LR-3,42.284848,-83.381855,2022-10-15,Fall,23,Fair
1505,LR-3,42.284848,-83.381855,2018-10-15,Fall,22,Fair
1507,LR-3,42.284848,-83.381855,2017-10-15,Fall,28,Fair
1511,LR-3,42.284848,-83.381855,2015-10-15,Fall,24,Fair
1513,LR-3,42.284848,-83.381855,2014-10-15,Fall,34,Good
1514,LR-3,42.284848,-83.381855,2014-04-15,Spring,19,Poor
1515,LR-3,42.284848,-83.381855,2013-10-15,Fall,23,Fair
1516,LR-3,42.284848,-83.381855,2013-04-15,Spring,28,Fair
1517,LR-3,42.284848,-83.381855,2012-10-15,Fall,26,Fair
1518,LR-3,42.284848,-83.381855,2012-04-15,Spring,16,Poor
1519,LR-3,42.284848,-83.381855,2011-10-15,Fall,23,Fair
1520,LR-3,42.284848,-83.381855,2011-04-15,Spring,28,Fair
1521,LR-3,42.284848,-83.381855,2010-10-15,Fall,22,Fair
1526,LR-3,42.284848,-83.381855,2008-04-15,Spring,36,Good
1527,LR-3,42.284848,-83.381855,2007-10-15,Fall,35,Good
1528,LR-3,42.284848,-83.381855,2007-04-15,Spring,20,Fair
1529,LR-3,42.284848,-83.381855,2006-10-15,Fall,30,Fair
1530,LR-3,42.284848,-83.381855,2006-04-15,Spring,22,Fair
1531,LR-3,42.284848,-83.381855,2005-10-15,Fall,35,Good
1532,LR-3,42.284848,-83.381855,2005-04-15,Spring,26,Fair
1551,LR-4,42.288775,-83.3486,2017-10-15,Fall,23,Fair
1552,LR-4,42.288775,-83.3486,2017-04-15,Spring,26,Fair
1570,LR-4,42.288775,-83.3486,2008-04-15,Spring,26,Fair
1571,LR-4,42.288775,-83.3486,2007-10-15,Fall,25,Fair
1572,LR-4,42.288775,-83.3486,2007-04-15,Spring,18,Poor
1573,LR-4,42.288775,-83.3486,2006-10-15,Fall,25,Fair
1574,LR-4,42.288775,-83.3486,2006-04-15,Spring,15,Poor
1575,LR-4,42.288775,-83.3486,2005-10-15,Fall,24,Fair
1576,LR-4,42.288775,-83.3486,2005-04-15,Spring,25,Fair
1598,LR-5,42.300561,-83.4374797,2016-04-15,Spring,20,Fair
1599,LR-5,42.300561,-83.4374797,2015-10-15,Fall,21,Fair
1600,LR-5,42.300561,-83.4374797,2015-04-15,Spring,18,Poor
1603,LR-5,42.300561,-83.4374797,2013-10-15,Fall,24,Fair
1608,LR-5,42.300561,-83.4374797,2011-04-15,Spring,15,Poor
1610,LR-5,42.300561,-83.4374797,2010-04-15,Spring,27,Fair
1612,LR-5,42.300561,-83.4374797,2009-04-15,Spring,36,Good
1613,LR-5,42.300561,-83.4374797,2008-10-15,Fall,25,Fair
1614,LR-5,42.300561,-83.4374797,2008-04-15,Spring,27,Fair
1615,LR-5,42.300561,-83.4374797,2007-10-15,Fall,31,Fair
1616,LR-5,42.300561,-83.4374797,2007-04-15,Spring,39,Good
1617,LR-5,42.300561,-83.4374797,2006-10-15,Fall,40,Good
1638,LR-6,42.285,-83.383888,2018-04-15,Spring,17,Poor
1639,LR-6,42.285,-83.383888,2017-10-15,Fall,24,Fair
1640,LR-6,42.285,-83.383888,2017-04-15,Spring,24,Fair
1642,LR-6,42.285,-83.383888,2016-04-15,Spring,38,Good
1643,LR-6,42.285,-83.383888,2015-10-15,Fall,25,Fair
1644,LR-6,42.285,-83.383888,2015-04-15,Spring,32,Fair
1645,LR-6,42.285,-83.383888,2014-10-15,Fall,25,Fair
1646,LR-6,42.285,-83.383888,2014-04-15,Spring,22,Fair
1647,LR-6,42.285,-83.383888,2013-10-15,Fall,25,Fair
1648,LR-6,42.285,-83.383888,2013-04-15,Spring,23,Fair
1649,LR-6,42.285,-83.383888,2012-10-15,Fall,21,Fair
1650,LR-6,42.285,-83.383888,2012-04-15,Spring,26,Fair
1651,LR-6,42.285,-83.383888,2011-10-15,Fall,18,Poor
1652,LR-6,42.285,-83.383888,2011-04-15,Spring,19,Poor
1655,LR-6,42.285,-83.383888,2009-10-15,Fall,24,Fair
1656,LR-6,42.285,-83.383888,2009-04-15,Spring,36,Good
1657,LR-6,42.285,-83.383888,2008-10-15,Fall,24,Fair
1658,LR-6,42.285,-83.383888,2008-04-15,Spring,26,Fair
1659,LR-6,42.285,-83.383888,2007-10-15,Fall,20,Fair
1660,LR-6,42.285,-83.383888,2007-04-15,Spring,28,Fair
1684,LR-7,42.2484,-83.4248,2017-04-15,Spring,34,Good
1685,LR-7,42.2484,-83.4248,2016-10-15,Fall,31,Fair
1686,LR-7,42.2484,-83.4248,2016-04-15,Spring,31,Fair
1695,LR-7,42.2484,-83.4248,2011-10-15,Fall,31,Fair
1696,LR-7,42.2484,-83.4248,2011-04-15,Spring,30,Fair
1698,LR-7,42.2484,-83.4248,2010-04-15,Spring,35,Good
1699,LR-7,42.2484,-83.4248,2009-10-15,Fall,30,Fair
1700,LR-7,42.2484,-83.4248,2009-04-15,Spring,33,Fair
1701,LR-7,42.2484,-83.4248,2008-10-15,Fall,25,Fair
1702,LR-7,42.2484,-83.4248,2008-04-15,Spring,38,Good
1703,LR-7,42.2484,-83.4248,2007-10-15,Fall,40,Good
1717,LR-8,42.295976,-83.541846,2022-10-15,Fall,32,Fair
1725,LR-8,42.295976,-83.541846,2018-10-15,Fall,35,Good
1726,LR-8,42.295976,-83.541846,2018-04-15,Spring,44,Good
1727,LR-8,42.295976,-83.541846,2017-10-15,Fall,36,Good
1728,LR-8,42.295976,-83.541846,2017-04-15,Spring,37,Good
1730,LR-8,42.295976,-83.541846,2016-04-15,Spring,26,Fair
1733,LR-8,42.295976,-83.541846,2014-10-15,Fall,25,Fair
1734,LR-8,42.295976,-83.541846,2014-04-15,Spring,36,Good
1735,LR-8,42.295976,-83.541846,2013-10-15,Fall,25,Fair
1739,LR-8,42.295976,-83.541846,2011-10-15,Fall,43,Good
1740,LR-8,42.295976,-83.541846,2011-04-15,Spring,36,Good
1741,LR-8,42.295976,-83.541846,2010-10-15,Fall,23,Fair
1742,LR-8,42.295976,-83.541846,2010-04-15,Spring,40,Good
1743,LR-8,42.295976,-83.541846,2009-10-15,Fall,30,Fair
1744,LR-8,42.295976,-83.541846,2009-04-15,Spring,31,Fair
1745,LR-8,42.295976,-83.541846,2008-10-15,Fall,38,Good
1761,LR-9,42.3370903,-83.5085406,2022-10-15,Fall,5,Poor
1772,LR-9,42.3370903,-83.5085406,2017-04-15,Spring,30,Fair
1782,LR-9,42.3370903,-83.5085406,2012-04-15,Spring,33,Fair
1785,LR-9,42.3370903,-83.5085406,2010-10-15,Fall,31,Fair
1786,LR-9,42.3370903,-83.5085406,2010-04-15,Spring,53,Excellent
1787,LR-9,42.3370903,-83.5085406,2009-10-15,Fall,49,Excellent
1788,LR-9,42.3370903,-83.5085406,2009-04-15,Spring,34,Good
1789,LR-9,42.3370903,-83.5085406,2008-10-15,Fall,44,Good
1805,Bell1,42.42924,-83.39666,2022-10-15,Fall,15,Poor
1806,Bell1,42.42924,-83.39666,2022-04-15,Spring,22,Fair
1807,Bell1,42.42924,-83.39666,2021-10-15,Fall,27,Fair
1808,Bell1,42.42924,-83.39666,2021-04-15,Spring,27,Fair
1809,Bell1,42.42924,-83.39666,2020-10-15,Fall,13,Poor
1811,Bell1,42.42924,-83.39666,2019-10-15,Fall,21,Fair
1814,Bell1,42.42924,-83.39666,2018-04-15,Spring,23,Fair
1815,Bell1,42.42924,-83.39666,2017-10-15,Fall,26,Fair
1816,Bell1,42.42924,-83.39666,2017-04-15,Spring,24,Fair
1818,Bell1,42.42924,-83.39666,2016-04-15,Spring,9,Poor
1819,Bell1,42.42924,-83.39666,2015-10-15,Fall,22,Fair
1821,Bell1,42.42924,-83.39666,2014-10-15,Fall,22,Fair
1822,Bell1,42.42924,-83.39666,2014-04-15,Spring,15,Poor
1825,Bell1,42.42924,-83.39666,2012-10-15,Fall,22,Fair
1826,Bell1,42.42924,-83.39666,2012-04-15,Spring,27,Fair
1828,Bell1,42.42924,-83.39666,2011-04-15,Spring,24,Fair
1829,Bell1,42.42924,-83.39666,2010-10-15,Fall,14,Poor
1830,Bell1,42.42924,-83.39666,2010-04-15,Spring,28,Fair
1832,Bell1,42.42924,-83.39666,2009-04-15,Spring,27,Fair
1833,Bell1,42.42924,-83.39666,2008-10-15,Fall,21,Fair
1834,Bell1,42.42924,-83.39666,2008-04-15,Spring,19,Poor
1837,Bell1,42.42924,-83.39666,2006-10-15,Fall,18,Poor
1838,Bell1,42.42924,-83.39666,2006-04-15,Spring,26,Fair
1839,Bell1,42.42924,-83.39666,2005-10-15,Fall,21,Fair
1841,Bell1,42.42924,-83.39666,2004-10-15,Fall,21,Fair
1842,Bell1,42.42924,-83.39666,2004-04-15,Spring,21,Fair
1843,Bell1,42.42924,-83.39666,2003-10-15,Fall,27,Fair
1844,Bell1,42.42924,-83.39666,2003-04-15,Spring,18,Poor
1849,Bell2,42.4151185,-83.429007,2022-10-15,Fall,19,Poor
1850,Bell2,42.4151185,-83.429007,2022-04-15,Spring,13,Poor
1851,Bell2,42.4151185,-83.429007,2021-10-15,Fall,32,Fair
1852,Bell2,42.4151185,-83.429007,2021-04-15,Spring,30,Fair
1853,Bell2,42.4151185,-83.429007,2020-10-15,Fall,19,Poor
1855,Bell2,42.4151185,-83.429007,2019-10-15,Fall,10,Poor
1857,Bell2,42.4151185,-83.429007,2018-10-15,Fall,17,Poor
1858,Bell2,42.4151185,-83.429007,2018-04-15,Spring,20,Fair
1859,Bell2,42.4151185,-83.429007,2017-10-15,Fall,18,Poor
1860,Bell2,42.4151185,-83.429007,2017-04-15,Spring,21,Fair
1861,Bell2,42.4151185,-83.429007,2016-10-15,Fall,24,Fair
1862,Bell2,42.4151185,-83.429007,2016-04-15,Spring,18,Poor
1863,Bell2,42.4151185,-83.429007,2015-10-15,Fall,18,Poor
1864,Bell2,42.4151185,-83.429007,2015-04-15,Spring,30,Fair
1865,Bell2,42.4151185,-83.429007,2014-10-15,Fall,30,Fair
1866,Bell2,42.4151185,-83.429007,2014-04-15,Spring,20,Fair
1867,Bell2,42.4151185,-83.429007,2013-10-15,Fall,19,Poor
1868,Bell2,42.4151185,-83.429007,2013-04-15,Spring,34,Good
1869,Bell2,42.4151185,-83.429007,2012-10-15,Fall,30,Fair
1871,Bell2,42.4151185,-83.429007,2011-10-15,Fall,24,Fair
1873,Bell2,42.4151185,-83.429007,2010-10-15,Fall,35,Good
1874,Bell2,42.4151185,-83.429007,2010-04-15,Spring,34,Good
1875,Bell2,42.4151185,-83.429007,2009-10-15,Fall,36,Good
1876,Bell2,42.4151185,-83.429007,2009-04-15,Spring,30,Fair
1877,Bell2,42.4151185,-83.429007,2008-10-15,Fall,28,Fair
1879,Bell2,42.4151185,-83.429007,2007-10-15,Fall,18,Poor
1881,Bell2,42.4151185,-83.429007,2006-10-15,Fall,29,Fair
1883,Bell2,42.4151185,-83.429007,2005-10-15,Fall,24,Fair
1886,Bell2,42.4151185,-83.429007,2004-04-15,Spring,27,Fair
1887,Bell2,42.4151185,-83.429007,2003-10-15,Fall,31,Fair
1893,Bell3,42.41015,-83.39285,2022-10-15,Fall,18,Poor
1894,Bell3,42.41015,-83.39285,2022-04-15,Spring,11,Poor
1895,Bell3,42.41015,-83.39285,2021-10-15,Fall,33,Fair
1896,Bell3,42.41015,-83.39285,2021-04-15,Spring,29,Fair
1897,Bell3,42.41015,-83.39285,2020-10-15,Fall,26,Fair
1899,Bell3,42.41015,-83.39285,2019-10-15,Fall,31,Fair
1902,Bell3,42.41015,-83.39285,2018-04-15,Spring,21,Fair
1903,Bell3,42.41015,-83.39285,2017-10-15,Fall,26,Fair
1906,Bell3,42.41015,-83.39285,2016-04-15,Spring,17,Poor
1907,Bell3,42.41015,-83.39285,2015-10-15,Fall,19,Poor
1909,Bell3,42.41015,-83.39285,2014-10-15,Fall,11,Poor
1910,Bell3,42.41015,-83.39285,2014-04-15,Spring,33,Fair
1912,Bell3,42.41015,-83.39285,2013-04-15,Spring,30,Fair
1913,Bell3,42.41015,-83.39285,2012-10-15,Fall,20,Fair
1917,Bell3,42.41015,-83.39285,2010-10-15,Fall,16,Poor
1918,Bell3,42.41015,-83.39285,2010-04-15,Spring,32,Fair
1921,Bell3,42.41015,-83.39285,2008-10-15,Fall,12,Poor
1922,Bell3,42.41015,-83.39285,2008-04-15,Spring,14,Poor
1923,Bell3,42.41015,-83.39285,2007-10-15,Fall,34,Good
1926,Bell3,42.41015,-83.39285,2006-04-15,Spring,16,Poor
1927,Bell3,42.41015,-83.39285,2005-10-15,Fall,19,Poor
1929,Bell3,42.41015,-83.39285,2004-10-15,Fall,27,Fair
1930,Bell3,42.41015,-83.39285,2004-04-15,Spring,24,Fair
1937,Main1,42.60991,-83.17984,2022-10-15,Fall,17,Poor
1938,Main1,42.60991,-83.17984,2022-04-15,Spring,32,Fair
1939,Main1,42.60991,-83.17984,2021-10-15,Fall,33,Fair
1940,Main1,42.60991,-83.17984,2021-04-15,Spring,36,Good
1941,Main1,42.60991,-83.17984,2020-10-15,Fall,22,Fair
1949,Main1,42.60991,-83.17984,2016-10-15,Fall,33,Fair
1950,Main1,42.60991,-83.17984,2016-04-15,Spring,30,Fair
1953,Main1,42.60991,-83.17984,2014-10-15,Fall,28,Fair
1956,Main1,42.60991,-83.17984,2013-04-15,Spring,26,Fair
1958,Main1,42.60991,-83.17984,2012-04-15,Spring,29,Fair
1959,Main1,42.60991,-83.17984,2011-10-15,Fall,15,Poor
1960,Main1,42.60991,-83.17984,2011-04-15,Spring,26,Fair
1965,Main1,42.60991,-83.17984,2008-10-15,Fall,25,Fair
1966,Main1,42.60991,-83.17984,2008-04-15,Spring,19,Poor
1967,Main1,42.60991,-83.17984,2007-10-15,Fall,23,Fair
1969,Main1,42.60991,-83.17984,2006-10-15,Fall,20,Fair
1970,Main1,42.60991,-83.17984,2006-04-15,Spring,40,Good
1972,Main1,42.60991,-83.17984,2005-04-15,Spring,17,Poor
1974,Main1,42.60991,-83.17984,2004-04-15,Spring,30,Fair
1976,Main1,42.60991,-83.17984,2003-04-15,Spring,28,Fair
1978,Main1,42.60991,-83.17984,2002-04-15,Spring,20,Fair
1999,Main10,42.312949,-83.232347,2013-10-15,Fall,22,Fair
2036,Main11,42.554445,-83.226312,2017-04-15,Spring,32,Fair
2038,Main11,42.554445,-83.226312,2016-04-15,Spring,27,Fair
2040,Main11,42.554445,-83.226312,2015-04-15,Spring,36,Good
2077,Main3,42.5487974,-83.2177051,2018-10-15,Fall,26,Fair
2080,Main3,42.5487974,-83.2177051,2017-04-15,Spring,30,Fair
2081,Main3,42.5487974,-83.2177051,2016-10-15,Fall,25,Fair
2084,Main3,42.5487974,-83.2177051,2015-04-15,Spring,30,Fair
2087,Main3,42.5487974,-83.2177051,2013-10-15,Fall,35,Good
2088,Main3,42.5487974,-83.2177051,2013-04-15,Spring,31,Fair
2090,Main3,42.5487974,-83.2177051,2012-04-15,Spring,31,Fair
2091,Main3,42.5487974,-83.2177051,2011-10-15,Fall,38,Good
2094,Main3,42.5487974,-83.2177051,2010-04-15,Spring,37,Good
2095,Main3,42.5487974,-83.2177051,2009-10-15,Fall,37,Good
2096,Main3,42.5487974,-83.2177051,2009-04-15,Spring,27,Fair
2097,Main3,42.5487974,-83.2177051,2008-10-15,Fall,27,Fair
2098,Main3,42.5487974,-83.2177051,2008-04-15,Spring,30,Fair
2099,Main3,42.5487974,-83.2177051,2007-10-15,Fall,36,Good
2108,Main3,42.5487974,-83.2177051,2003-04-15,Spring,24,Fair
2110,Main3,42.5487974,-83.2177051,2002-04-15,Spring,28,Fair
2121,Main4,42.5424121,-83.2251341,2018-10-15,Fall,15,Poor
2125,Main4,42.5424121,-83.2251341,2016-10-15,Fall,32,Fair
2128,Main4,42.5424121,-83.2251341,2015-04-15,Spring,23,Fair
2130,Main4,42.5424121,-83.2251341,2014-04-15,Spring,23,Fair
2133,Main4,42.5424121,-83.2251341,2012-10-15,Fall,39,Good
2134,Main4,42.5424121,-83.2251341,2012-04-15,Spring,34,Good
2137,Main4,42.5424121,-83.2251341,2010-10-15,Fall,38,Good
2138,Main4,42.5424121,-83.2251341,2010-04-15,Spring,34,Good
2141,Main4,42.5424121,-83.2251341,2008-10-15,Fall,36,Good
2144,Main4,42.5424121,-83.2251341,2007-04-15,Spring,30,Fair
2145,Main4,42.5424121,-83.2251341,2006-10-15,Fall,36,Good
2146,Main4,42.5424121,-83.2251341,2006-04-15,Spring,28,Fair
2147,Main4,42.5424121,-83.2251341,2005-10-15,Fall,30,Fair
2149,Main4,42.5424121,-83.2251341,2004-10-15,Fall,37,Good
2150,Main4,42.5424121,-83.2251341,2004-04-15,Spring,23,Fair
2151,Main4,42.5424121,-83.2251341,2003-10-15,Fall,43,Good
2152,Main4,42.5424121,-83.2251341,2003-04-15,Spring,25,Fair
2153,Main4,42.5424121,-83.2251341,2002-10-15,Fall,46,Good
2154,Main4,42.5424121,-83.2251341,2002-04-15,Spring,23,Fair
2155,Main4,42.5424121,-83.2251341,2001-10-15,Fall,21,Fair
2156,Main4,42.5424121,-83.2251341,2001-04-15,Spring,24,Fair
2163,Main4.5,42.53718,-83.22861,2019-10-15,Fall,43,Good
2166,Main4.5,42.53718,-83.22861,2018-04-15,Spring,34,Good
2167,Main4.5,42.53718,-83.22861,2017-10-15,Fall,39,Good
2171,Main4.5,42.53718,-83.22861,2015-10-15,Fall,29,Fair
2174,Main4.5,42.53718,-83.22861,2014-04-15,Spring,19,Poor
2175,Main4.5,42.53718,-83.22861,2013-10-15,Fall,24,Fair
2178,Main4.5,42.53718,-83.22861,2012-04-15,Spring,18,Poor
2179,Main4.5,42.53718,-83.22861,2011-10-15,Fall,27,Fair
2182,Main4.5,42.53718,-83.22861,2010-04-15,Spring,33,Fair
2185,Main4.5,42.53718,-83.22861,2008-10-15,Fall,31,Fair
2187,Main4.5,42.53718,-83.22861,2007-10-15,Fall,24,Fair
2188,Main4.5,42.53718,-83.22861,2007-04-15,Spring,27,Fair
2189,Main4.5,42.53718,-83.22861,2006-10-15,Fall,49,Excellent
2190,Main4.5,42.53718,-83.22861,2006-04-15,Spring,32,Fair
2191,Main4.5,42.53718,-83.22861,2005-10-15,Fall,37,Good
2192,Main4.5,42.53718,-83.22861,2005-04-15,Spring,20,Fair
2201,Main5,42.52219,-83.24692,2022-10-15,Fall,34,Good
2202,Main5,42.52219,-83.24692,2022-04-15,Spring,40,Good
2203,Main5,42.52219,-83.24692,2021-10-15,Fall,35,Good
2204,Main5,42.52219,-83.24692,2021-04-15,Spring,29,Fair
2205,Main5,42.52219,-83.24692,2020-10-15,Fall,22,Fair
2207,Main5,42.52219,-83.24692,2019-10-15,Fall,30,Fair
2208,Main5,42.52219,-83.24692,2019-04-15,Spring,29,Fair
2210,Main5,42.52219,-83.24692,2018-04-15,Spring,20,Fair
2211,Main5,42.52219,-83.24692,2017-10-15,Fall,23,Fair
2215,Main5,42.52219,-83.24692,2015-10-15,Fall,24,Fair
2218,Main5,42.52219,-83.24692,2014-04-15,Spring,24,Fair
2219,Main5,42.52219,-83.24692,2013-10-15,Fall,31,Fair
2220,Main5,42.52219,-83.24692,2013-04-15,Spring,30,Fair
2223,Main5,42.52219,-83.24692,2011-10-15,Fall,22,Fair
2224,Main5,42.52219,-83.24692,2011-04-15,Spring,33,Fair
2225,Main5,42.52219,-83.24692,2010-10-15,Fall,39,Good
2228,Main5,42.52219,-83.24692,2009-04-15,Spring,26,Fair
2231,Main5,42.52219,-83.24692,2007-10-15,Fall,22,Fair
2234,Main5,42.52219,-83.24692,2006-04-15,Spring,23,Fair
2235,Main5,42.52219,-83.24692,2005-10-15,Fall,33,Fair
2236,Main5,42.52219,-83.24692,2005-04-15,Spring,21,Fair
2237,Main5,42.52219,-83.24692,2004-10-15,Fall,37,Good
2238,Main5,42.52219,-83.24692,2004-04-15,Spring,20,Fair
2245,Main6,42.47882,-83.284548,2022-10-15,Fall,32,Fair
2246,Main6,42.47882,-83.284548,2022-04-15,Spring,26,Fair
2248,Main6,42.47882,-83.284548,2021-04-15,Spring,18,Poor
2249,Main6,42.47882,-83.284548,2020-10-15,Fall,28,Fair
2251,Main6,42.47882,-83.284548,2019-10-15,Fall,31,Fair
2254,Main6,42.47882,-83.284548,2018-04-15,Spring,20,Fair
2255,Main6,42.47882,-83.284548,2017-10-15,Fall,29,Fair
2257,Main6,42.47882,-83.284548,2016-10-15,Fall,31,Fair
2258,Main6,42.47882,-83.284548,2016-04-15,Spring,30,Fair
2259,Main6,42.47882,-83.284548,2015-10-15,Fall,30,Fair
2262,Main6,42.47882,-83.284548,2014-04-15,Spring,18,Poor
2263,Main6,42.47882,-83.284548,2013-10-15,Fall,31,Fair
2264,Main6,42.47882,-83.284548,2013-04-15,Spring,28,Fair
2265,Main6,42.47882,-83.284548,2012-10-15,Fall,40,Good
2266,Main6,42.47882,-83.284548,2012-04-15,Spring,40,Good
2267,Main6,42.47882,-83.284548,2011-10-15,Fall,36,Good
2268,Main6,42.47882,-83.284548,2011-04-15,Spring,29,Fair
2269,Main6,42.47882,-83.284548,2010-10-15,Fall,36,Good
2271,Main6,42.47882,-83.284548,2009-10-15,Fall,35,Good
2274,Main6,42.47882,-83.284548,2008-04-15,Spring,18,Poor
2276,Main6,42.47882,-83.284548,2007-04-15,Spring,19,Poor
2277,Main6,42.47882,-83.284548,2006-10-15,Fall,27,Fair
2278,Main6,42.47882,-83.284548,2006-04-15,Spring,17,Poor
2281,Main6,42.47882,-83.284548,2004-10-15,Fall,35,Good
2282,Main6,42.47882,-83.284548,2004-04-15,Spring,25,Fair
2283,Main6,42.47882,-83.284548,2003-10-15,Fall,39,Good
2284,Main6,42.47882,-83.284548,2003-04-15,Spring,10,Poor
2285,Main6,42.47882,-83.284548,2002-10-15,Fall,38,Good
2288,Main6,42.47882,-83.284548,2001-04-15,Spring,21,Fair
2299,Main7,42.472849,-83.289147,2017-10-15,Fall,32,Fair
2304,Main7,42.472849,-83.289147,2015-04-15,Spring,32,Fair
2305,Main7,42.472849,-83.289147,2014-10-15,Fall,30,Fair
2306,Main7,42.472849,-83.289147,2014-04-15,Spring,29,Fair
2307,Main7,42.472849,-83.289147,2013-10-15,Fall,29,Fair
2308,Main7,42.472849,-83.289147,2013-04-15,Spring,44,Good
2309,Main7,42.472849,-83.289147,2012-10-15,Fall,19,Poor
2310,Main7,42.472849,-83.289147,2012-04-15,Spring,32,Fair
2311,Main7,42.472849,-83.289147,2011-10-15,Fall,14,Poor
2312,Main7,42.472849,-83.289147,2011-04-15,Spring,24,Fair
2313,Main7,42.472849,-83.289147,2010-10-15,Fall,27,Fair
2341,Main8,42.29352,-83.14873,2018-10-15,Fall,31,Fair
2345,Main8,42.29352,-83.14873,2016-10-15,Fall,16,Poor
2347,Main8,42.29352,-83.14873,2015-10-15,Fall,16,Poor
2348,Main8,42.29352,-83.14873,2015-04-15,Spring,20,Fair
2350,Main8,42.29352,-83.14873,2014-04-15,Spring,24,Fair
2351,Main8,42.29352,-83.14873,2013-10-15,Fall,21,Fair
2352,Main8,42.29352,-83.14873,2013-04-15,Spring,22,Fair
2353,Main8,42.29352,-83.14873,2012-10-15,Fall,23,Fair
2354,Main8,42.29352,-83.14873,2012-04-15,Spring,23,Fair
2355,Main8,42.29352,-83.14873,2011-10-15,Fall,26,Fair
2356,Main8,42.29352,-83.14873,2011-04-15,Spring,21,Fair
2357,Main8,42.29352,-83.14873,2010-10-15,Fall,26,Fair
2380,Mid1,42.42177,-83.47546,2021-04-15,Spring,33,Fair
2392,Mid1,42.42177,-83.47546,2015-04-15,Spring,19,Poor
2393,Mid1,42.42177,-83.47546,2014-10-15,Fall,38,Good
2397,Mid1,42.42177,-83.47546,2012-10-15,Fall,37,Good
2398,Mid1,42.42177,-83.47546,2012-04-15,Spring,41,Good
2403,Mid1,42.42177,-83.47546,2009-10-15,Fall,38,Good
2405,Mid1,42.42177,-83.47546,2008-10-15,Fall,25,Fair
2406,Mid1,42.42177,-83.47546,2008-04-15,Spring,20,Fair
2407,Mid1,42.42177,-83.47546,2007-10-15,Fall,28,Fair
2408,Mid1,42.42177,-83.47546,2007-04-15,Spring,35,Good
2410,Mid1,42.42177,-83.47546,2006-04-15,Spring,19,Poor
2412,Mid1,42.42177,-83.47546,2005-04-15,Spring,27,Fair
2414,Mid1,42.42177,-83.47546,2004-04-15,Spring,19,Poor
2436,Mid3,42.36656,-83.41015,2015-04-15,Spring,37,Good
2478,Mid5,42.339356,-83.264421,2016-04-15,Spring,26,Fair
2514,Mid6,42.346715,-83.280264,2020-04-15,Spring,15,Poor
2557,Min1,42.51274,-83.38905,2020-10-15,Fall,16,Poor
2559,Min1,42.51274,-83.38905,2019-10-15,Fall,20,Fair
2562,Min1,42.51274,-83.38905,2018-04-15,Spring,14,Poor
2563,Min1,42.51274,-83.38905,2017-10-15,Fall,21,Fair
2564,Min1,42.51274,-83.38905,2017-04-15,Spring,33,Fair
2566,Min1,42.51274,-83.38905,2016-04-15,Spring,29,Fair
2567,Min1,42.51274,-83.38905,2015-10-15,Fall,20,Fair
2572,Min1,42.51274,-83.38905,2013-04-15,Spring,20,Fair
2573,Min1,42.51274,-83.38905,2012-10-15,Fall,27,Fair
2576,Min1,42.51274,-83.38905,2011-04-15,Spring,26,Fair
2581,Min1,42.51274,-83.38905,2008-10-15,Fall,42,Good
2584,Min1,42.51274,-83.38905,2007-04-15,Spring,28,Fair
2585,Min1,42.51274,-83.38905,2006-10-15,Fall,25,Fair
2586,Min1,42.51274,-83.38905,2006-04-15,Spring,45,Good
2588,Min1,42.51274,-83.38905,2005-04-15,Spring,22,Fair
2589,Min1,42.51274,-83.38905,2004-10-15,Fall,29,Fair
2590,Min1,42.51274,-83.38905,2004-04-15,Spring,46,Good
2591,Min1,42.51274,-83.38905,2003-10-15,Fall,27,Fair
2592,Min1,42.51274,-83.38905,2003-04-15,Spring,32,Fair
2606,Min2,42.493065,-83.37734,2018-04-15,Spring,13,Poor
2611,Min2,42.493065,-83.37734,2015-10-15,Fall,14,Poor
2612,Min2,42.493065,-83.37734,2015-04-15,Spring,30,Fair
2614,Min2,42.493065,-83.37734,2014-04-15,Spring,16,Poor
2617,Min2,42.493065,-83.37734,2012-10-15,Fall,23,Fair
2618,Min2,42.493065,-83.37734,2012-04-15,Spring,36,Good
2620,Min2,42.493065,-83.37734,2011-04-15,Spring,34,Good
2621,Min2,42.493065,-83.37734,2010-10-15,Fall,20,Fair
2622,Min2,42.493065,-83.37734,2010-04-15,Spring,23,Fair
2623,Min2,42.493065,-83.37734,2009-10-15,Fall,23,Fair
2624,Min2,42.493065,-83.37734,2009-04-15,Spring,38,Good
2647,Min3,42.500565,-83.37127,2019-10-15,Fall,15,Poor
2648,Min3,42.500565,-83.37127,2019-04-15,Spring,18,Poor
2651,Min3,42.500565,-83.37127,2017-10-15,Fall,28,Fair
2654,Min3,42.500565,-83.37127,2016-04-15,Spring,23,Fair
2656,Min3,42.500565,-83.37127,2015-04-15,Spring,18,Poor
2658,Min3,42.500565,-83.37127,2014-04-15,Spring,25,Fair
2659,Min3,42.500565,-83.37127,2013-10-15,Fall,27,Fair
2662,Min3,42.500565,-83.37127,2012-04-15,Spring,14,Poor
2665,Min3,42.500565,-83.37127,2010-10-15,Fall,15,Poor
2666,Min3,42.500565,-83.37127,2010-04-15,Spring,25,Fair
2667,Min3,42.500565,-83.37127,2009-10-15,Fall,23,Fair
2668,Min3,42.500565,-83.37127,2009-04-15,Spring,32,Fair
2686,Min4,42.526938,-83.421444,2022-04-15,Spring,15,Poor
2687,Min4,42.526938,-83.421444,2021-10-15,Fall,26,Fair
2696,Min4,42.526938,-83.421444,2017-04-15,Spring,25,Fair
2746,MN-1,42.438056,-83.274722,2014-04-15,Spring,30,Fair
2747,MN-1,42.438056,-83.274722,2013-10-15,Fall,38,Good
2748,MN-1,42.438056,-83.274722,2013-04-15,Spring,25,Fair
2749,MN-1,42.438056,-83.274722,2012-10-15,Fall,33,Fair
2750,MN-1,42.438056,-83.274722,2012-04-15,Spring,33,Fair
2751,MN-1,42.438056,-83.274722,2011-10-15,Fall,28,Fair
2753,MN-1,42.438056,-83.274722,2010-10-15,Fall,31,Fair
2754,MN-1,42.438056,-83.274722,2010-04-15,Spring,29,Fair
2755,MN-1,42.438056,-83.274722,2009-10-15,Fall,31,Fair
2756,MN-1,42.438056,-83.274722,2009-04-15,Spring,26,Fair
2757,MN-1,42.438056,-83.274722,2008-10-15,Fall,44,Good
2784,MN-2,42.399722,-83.271389,2017-04-15,Spring,28,Fair
2785,MN-2,42.399722,-83.271389,2016-10-15,Fall,38,Good
2788,MN-2,42.399722,-83.271389,2015-04-15,Spring,25,Fair
2790,MN-2,42.399722,-83.271389,2014-04-15,Spring,22,Fair
2791,MN-2,42.399722,-83.271389,2013-10-15,Fall,26,Fair
2792,MN-2,42.399722,-83.271389,2013-04-15,Spring,24,Fair
2793,MN-2,42.399722,-83.271389,2012-10-15,Fall,27,Fair
2794,MN-2,42.399722,-83.271389,2012-04-15,Spring,27,Fair
2795,MN-2,42.399722,-83.271389,2011-10-15,Fall,24,Fair
2797,MN-2,42.399722,-83.271389,2010-10-15,Fall,28,Fair
2798,MN-2,42.399722,-83.271389,2010-04-15,Spring,19,Poor
2799,MN-2,42.399722,-83.271389,2009-10-15,Fall,29,Fair
2800,MN-2,42.399722,-83.271389,2009-04-15,Spring,26,Fair
2801,MN-2,42.399722,-83.271389,2008-10-15,Fall,32,Fair
2843,MN-3,42.290906,-83.142919,2009-10-15,Fall,17,Poor
2877,MN-4,42.3378683,-83.2496084,2014-10-15,Fall,20,Fair
2878,MN-4,42.3378683,-83.2496084,2014-04-15,Spring,24,Fair
2879,MN-4,42.3378683,-83.2496084,2013-10-15,Fall,27,Fair
2880,MN-4,42.3378683,-83.2496084,2013-04-15,Spring,24,Fair
2881,MN-4,42.3378683,-83.2496084,2012-10-15,Fall,28,Fair
2882,MN-4,42.3378683,-83.2496084,2012-04-15,Spring,22,Fair
2883,MN-4,42.3378683,-83.2496084,2011-10-15,Fall,28,Fair
2884,MN-4,42.3378683,-83.2496084,2011-04-15,Spring,32,Fair
2885,MN-4,42.3378683,-83.2496084,2010-10-15,Fall,28,Fair
2912,MN-5,42.443614,-83.284906,2019-04-15,Spring,39,Good
2913,MN-5,42.443614,-83.284906,2018-10-15,Fall,41,Good
2914,MN-5,42.443614,-83.284906,2018-04-15,Spring,42,Good
2916,MN-5,42.443614,-83.284906,2017-04-15,Spring,41,Good
2917,MN-5,42.443614,-83.284906,2016-10-15,Fall,41,Good
2918,MN-5,42.443614,-83.284906,2016-04-15,Spring,36,Good
2919,MN-5,42.443614,-83.284906,2015-10-15,Fall,42,Good
2921,MN-5,42.443614,-83.284906,2014-10-15,Fall,33,Fair
2963,MN-6,42.431922,-83.271534,2015-10-15,Fall,38,Good
2993,MN-7,42.348736,-83.24721,2022-10-15,Fall,28,Fair
3001,MN-7,42.348736,-83.24721,2018-10-15,Fall,25,Fair
3003,MN-7,42.348736,-83.24721,2017-10-15,Fall,23,Fair
3004,MN-7,42.348736,-83.24721,2017-04-15,Spring,24,Fair
3007,MN-7,42.348736,-83.24721,2015-10-15,Fall,25,Fair
3049,MR-1,42.42487,-83.47712,2016-10-15,Fall,37,Good
3050,MR-1,42.42487,-83.47712,2016-04-15,Spring,39,Good
3054,MR-1,42.42487,-83.47712,2014-04-15,Spring,43,Good
3055,MR-1,42.42487,-83.47712,2013-10-15,Fall,36,Good
3057,MR-1,42.42487,-83.47712,2012-10-15,Fall,38,Good
3063,MR-1,42.42487,-83.47712,2009-10-15,Fall,39,Good
3064,MR-1,42.42487,-83.47712,2009-04-15,Spring,42,Good
3065,MR-1,42.42487,-83.47712,2008-10-15,Fall,44,Good
3066,MR-1,42.42487,-83.47712,2008-04-15,Spring,49,Excellent
3067,MR-1,42.42487,-83.47712,2007-10-15,Fall,51,Excellent
3068,MR-1,42.42487,-83.47712,2007-04-15,Spring,42,Good
3069,MR-1,42.42487,-83.47712,2006-10-15,Fall,37,Good
3070,MR-1,42.42487,-83.47712,2006-04-15,Spring,32,Fair
3071,MR-1,42.42487,-83.47712,2005-10-15,Fall,37,Good
3072,MR-1,42.42487,-83.47712,2005-04-15,Spring,17,Poor
3073,MR-1,42.42487,-83.47712,2004-10-15,Fall,29,Fair
3096,MR-10,42.347097,-83.27895,2015-04-15,Spring,23,Fair
3106,MR-10,42.347097,-83.27895,2010-04-15,Spring,23,Fair
3111,MR-10,42.347097,-83.27895,2007-10-15,Fall,28,Fair
3112,MR-10,42.347097,-83.27895,2007-04-15,Spring,23,Fair
3113,MR-10,42.347097,-83.27895,2006-10-15,Fall,19,Poor
3114,MR-10,42.347097,-83.27895,2006-04-15,Spring,6,Poor
3115,MR-10,42.347097,-83.27895,2005-10-15,Fall,18,Poor
3116,MR-10,42.347097,-83.27895,2005-04-15,Spring,24,Fair
3117,MR-10,42.347097,-83.27895,2004-10-15,Fall,17,Poor
3125,MR-11,42.34516,-83.3629,2022-10-15,Fall,31,Fair
3136,MR-11,42.34516,-83.3629,2017-04-15,Spring,21,Fair
3139,MR-11,42.34516,-83.3629,2015-10-15,Fall,27,Fair
3152,MR-11,42.34516,-83.3629,2009-04-15,Spring,16,Poor
3153,MR-11,42.34516,-83.3629,2008-10-15,Fall,28,Fair
3154,MR-11,42.34516,-83.3629,2008-04-15,Spring,25,Fair
3155,MR-11,42.34516,-83.3629,2007-10-15,Fall,16,Poor
3156,MR-11,42.34516,-83.3629,2007-04-15,Spring,4,Poor
3157,MR-11,42.34516,-83.3629,2006-10-15,Fall,24,Fair
3158,MR-11,42.34516,-83.3629,2006-04-15,Spring,8,Poor
3159,MR-11,42.34516,-83.3629,2005-10-15,Fall,23,Fair
3191,MR-12,42.33975,-83.34093,2011-10-15,Fall,27,Fair
3196,MR-12,42.33975,-83.34093,2009-04-15,Spring,21,Fair
3197,MR-12,42.33975,-83.34093,2008-10-15,Fall,18,Poor
3198,MR-12,42.33975,-83.34093,2008-04-15,Spring,22,Fair
3199,MR-12,42.33975,-83.34093,2007-10-15,Fall,27,Fair
3200,MR-12,42.33975,-83.34093,2007-04-15,Spring,12,Poor
3201,MR-12,42.33975,-83.34093,2006-10-15,Fall,20,Fair
3202,MR-12,42.33975,-83.34093,2006-04-15,Spring,5,Poor
3203,MR-12,42.33975,-83.34093,2005-10-15,Fall,22,Fair
3220,MR-13,42.34432,-83.26865,2019-04-15,Spring,24,Fair
3222,MR-13,42.34432,-83.26865,2018-04-15,Spring,27,Fair
3223,MR-13,42.34432,-83.26865,2017-10-15,Fall,24,Fair
3225,MR-13,42.34432,-83.26865,2016-10-15,Fall,28,Fair
3228,MR-13,42.34432,-83.26865,2015-04-15,Spring,19,Poor
3229,MR-13,42.34432,-83.26865,2014-10-15,Fall,23,Fair
3230,MR-13,42.34432,-83.26865,2014-04-15,Spring,17,Poor
3231,MR-13,42.34432,-83.26865,2013-10-15,Fall,19,Poor
3232,MR-13,42.34432,-83.26865,2013-04-15,Spring,19,Poor
3233,MR-13,42.34432,-83.26865,2012-10-15,Fall,23,Fair
3234,MR-13,42.34432,-83.26865,2012-04-15,Spring,16,Poor
3235,MR-13,42.34432,-83.26865,2011-10-15,Fall,23,Fair
3237,MR-13,42.34432,-83.26865,2010-10-15,Fall,21,Fair
3241,MR-13,42.34432,-83.26865,2008-10-15,Fall,18,Poor
3242,MR-13,42.34432,-83.26865,2008-04-15,Spring,21,Fair
3243,MR-13,42.34432,-83.26865,2007-10-15,Fall,21,Fair
3244,MR-13,42.34432,-83.26865,2007-04-15,Spring,29,Fair
3245,MR-13,42.34432,-83.26865,2006-10-15,Fall,21,Fair
3246,MR-13,42.34432,-83.26865,2006-04-15,Spring,21,Fair
3248,MR-13,42.34432,-83.26865,2005-04-15,Spring,29,Fair
3257,MR-14,42.3601432,-83.4763746,2022-10-15,Fall,22,Fair
3265,MR-14,42.3601432,-83.4763746,2018-10-15,Fall,21,Fair
3267,MR-14,42.3601432,-83.4763746,2017-10-15,Fall,25,Fair
3282,MR-14,42.3601432,-83.4763746,2010-04-15,Spring,39,Good
3283,MR-14,42.3601432,-83.4763746,2009-10-15,Fall,33,Fair
3284,MR-14,42.3601432,-83.4763746,2009-04-15,Spring,27,Fair
3285,MR-14,42.3601432,-83.4763746,2008-10-15,Fall,31,Fair
3286,MR-14,42.3601432,-83.4763746,2008-04-15,Spring,27,Fair
3287,MR-14,42.3601432,-83.4763746,2007-10-15,Fall,37,Good
3288,MR-14,42.3601432,-83.4763746,2007-04-15,Spring,34,Good
3311,MR-15,42.3306,-83.2483,2017-10-15,Fall,22,Fair
3316,MR-15,42.3306,-83.2483,2015-04-15,Spring,31,Fair
3323,MR-15,42.3306,-83.2483,2011-10-15,Fall,22,Fair
3326,MR-15,42.3306,-83.2483,2010-04-15,Spring,29,Fair
3327,MR-15,42.3306,-83.2483,2009-10-15,Fall,23,Fair
3328,MR-15,42.3306,-83.2483,2009-04-15,Spring,24,Fair
3329,MR-15,42.3306,-83.2483,2008-10-15,Fall,22,Fair
3330,MR-15,42.3306,-83.2483,2008-04-15,Spring,19,Poor
3331,MR-15,42.3306,-83.2483,2007-10-15,Fall,34,Good
3336,MR-15,42.3306,-83.2483,2005-04-15,Spring,15,Poor
3353,MR-16,42.3519,-83.375,2018-10-15,Fall,23,Fair
3358,MR-16,42.3519,-83.375,2016-04-15,Spring,28,Fair
3362,MR-16,42.3519,-83.375,2014-04-15,Spring,19,Poor
3370,MR-16,42.3519,-83.375,2010-04-15,Spring,20,Fair
3371,MR-16,42.3519,-83.375,2009-10-15,Fall,25,Fair
3372,MR-16,42.3519,-83.375,2009-04-15,Spring,25,Fair
3373,MR-16,42.3519,-83.375,2008-10-15,Fall,29,Fair
3374,MR-16,42.3519,-83.375,2008-04-15,Spring,21,Fair
3375,MR-16,42.3519,-83.375,2007-10-15,Fall,24,Fair
3400,MR-17,42.370466,-83.437574,2017-04-15,Spring,44,Good
3403,MR-17,42.370466,-83.437574,2015-10-15,Fall,32,Fair
3413,MR-17,42.370466,-83.437574,2010-10-15,Fall,41,Good
3414,MR-17,42.370466,-83.437574,2010-04-15,Spring,46,Good
3415,MR-17,42.370466,-83.437574,2009-10-15,Fall,46,Good
3416,MR-17,42.370466,-83.437574,2009-04-15,Spring,41,Good
3417,MR-17,42.370466,-83.437574,2008-10-15,Fall,46,Good
3418,MR-17,42.370466,-83.437574,2008-04-15,Spring,44,Good
3436,MR-18,42.390248,-83.466365,2021-04-15,Spring,41,Good
3440,MR-18,42.390248,-83.466365,2019-04-15,Spring,45,Good
3455,MR-18,42.390248,-83.466365,2011-10-15,Fall,33,Fair
3456,MR-18,42.390248,-83.466365,2011-04-15,Spring,38,Good
3457,MR-18,42.390248,-83.466365,2010-10-15,Fall,29,Fair
3458,MR-18,42.390248,-83.466365,2010-04-15,Spring,31,Fair
3459,MR-18,42.390248,-83.466365,2009-10-15,Fall,39,Good
3460,MR-18,42.390248,-83.466365,2009-04-15,Spring,44,Good
3461,MR-18,42.390248,-83.466365,2008-10-15,Fall,33,Fair
3462,MR-18,42.390248,-83.466365,2008-04-15,Spring,44,Good
3495,MR-19,42.351831,-83.462729,2013-10-15,Fall,22,Fair
3497,MR-19,42.351831,-83.462729,2012-10-15,Fall,31,Fair
3498,MR-19,42.351831,-83.462729,2012-04-15,Spring,30,Fair
3501,MR-19,42.351831,-83.462729,2010-10-15,Fall,25,Fair
3502,MR-19,42.351831,-83.462729,2010-04-15,Spring,25,Fair
3503,MR-19,42.351831,-83.462729,2009-10-15,Fall,26,Fair
3504,MR-19,42.351831,-83.462729,2009-04-15,Spring,11,Poor
3505,MR-19,42.351831,-83.462729,2008-10-15,Fall,30,Fair
3506,MR-19,42.351831,-83.462729,2008-04-15,Spring,14,Poor
3522,MR-2,42.408,-83.47076,2022-04-15,Spring,21,Fair
3524,MR-2,42.408,-83.47076,2021-04-15,Spring,40,Good
3532,MR-2,42.408,-83.47076,2017-04-15,Spring,46,Good
3547,MR-2,42.408,-83.47076,2009-10-15,Fall,45,Good
3548,MR-2,42.408,-83.47076,2009-04-15,Spring,36,Good
3549,MR-2,42.408,-83.47076,2008-10-15,Fall,37,Good
3550,MR-2,42.408,-83.47076,2008-04-15,Spring,49,Excellent
3551,MR-2,42.408,-83.47076,2007-10-15,Fall,42,Good
3552,MR-2,42.408,-83.47076,2007-04-15,Spring,33,Fair
3553,MR-2,42.408,-83.47076,2006-10-15,Fall,33,Fair
3554,MR-2,42.408,-83.47076,2006-04-15,Spring,34,Good
3555,MR-2,42.408,-83.47076,2005-10-15,Fall,31,Fair
3556,MR-2,42.408,-83.47076,2005-04-15,Spring,24,Fair
3557,MR-2,42.408,-83.47076,2004-10-15,Fall,42,Good
3567,MR-20,42.411952,-83.471703,2021-10-15,Fall,40,Good
3568,MR-20,42.411952,-83.471703,2021-04-15,Spring,42,Good
3575,MR-20,42.411952,-83.471703,2017-10-15,Fall,45,Good
3576,MR-20,42.411952,-83.471703,2017-04-15,Spring,45,Good
3577,MR-20,42.411952,-83.471703,2016-10-15,Fall,48,Good
3578,MR-20,42.411952,-83.471703,2016-04-15,Spring,52,Excellent
3582,MR-20,42.411952,-83.471703,2014-04-15,Spring,40,Good
3583,MR-20,42.411952,-83.471703,2013-10-15,Fall,39,Good
3584,MR-20,42.411952,-83.471703,2013-04-15,Spring,48,Good
3585,MR-20,42.411952,-83.471703,2012-10-15,Fall,44,Good
3586,MR-20,42.411952,-83.471703,2012-04-15,Spring,38,Good
3587,MR-20,42.411952,-83.471703,2011-10-15,Fall,41,Good
3588,MR-20,42.411952,-83.471703,2011-04-15,Spring,52,Excellent
3589,MR-20,42.411952,-83.471703,2010-10-15,Fall,43,Good
3590,MR-20,42.411952,-83.471703,2010-04-15,Spring,48,Good
3591,MR-20,42.411952,-83.471703,2009-10-15,Fall,40,Good
3592,MR-20,42.411952,-83.471703,2009-04-15,Spring,49,Excellent
3593,MR-20,42.411952,-83.471703,2008-10-15,Fall,51,Excellent
3637,MR-21,42.345241,-83.398143,2008-10-15,Fall,23,Fair
3653,MR-22,42.43033,-83.544423,2022-10-15,Fall,30,Fair
3654,MR-22,42.43033,-83.544423,2022-04-15,Spring,38,Good
3655,MR-22,42.43033,-83.544423,2021-10-15,Fall,35,Good
3656,MR-22,42.43033,-83.544423,2021-04-15,Spring,35,Good
3657,MR-22,42.43033,-83.544423,2020-10-15,Fall,35,Good
3658,MR-22,42.43033,-83.544423,2020-04-15,Spring,41,Good
3659,MR-22,42.43033,-83.544423,2019-10-15,Fall,37,Good
3660,MR-22,42.43033,-83.544423,2019-04-15,Spring,34,Good
3662,MR-22,42.43033,-83.544423,2018-04-15,Spring,37,Good
3664,MR-22,42.43033,-83.544423,2017-04-15,Spring,32,Fair
3665,MR-22,42.43033,-83.544423,2016-10-15,Fall,34,Good
3666,MR-22,42.43033,-83.544423,2016-04-15,Spring,41,Good
3668,MR-22,42.43033,-83.544423,2015-04-15,Spring,46,Good
3669,MR-22,42.43033,-83.544423,2014-10-15,Fall,34,Good
3670,MR-22,42.43033,-83.544423,2014-04-15,Spring,37,Good
3672,MR-22,42.43033,-83.544423,2013-04-15,Spring,46,Good
3674,MR-22,42.43033,-83.544423,2012-04-15,Spring,45,Good
3675,MR-22,42.43033,-83.544423,2011-10-15,Fall,33,Fair
3676,MR-22,42.43033,-83.544423,2011-04-15,Spring,41,Good
3677,MR-22,42.43033,-83.544423,2010-10-15,Fall,21,Fair
3678,MR-22,42.43033,-83.544423,2010-04-15,Spring,43,Good
3698,MR-23,42.432475,-83.520006,2022-04-15,Spring,25,Fair
3703,MR-23,42.432475,-83.520006,2019-10-15,Fall,31,Fair
3706,MR-23,42.432475,-83.520006,2018-04-15,Spring,19,Poor
3708,MR-23,42.432475,-83.520006,2017-04-15,Spring,17,Poor
3710,MR-23,42.432475,-83.520006,2016-04-15,Spring,27,Fair
3711,MR-23,42.432475,-83.520006,2015-10-15,Fall,33,Fair
3712,MR-23,42.432475,-83.520006,2015-04-15,Spring,42,Good
3713,MR-23,42.432475,-83.520006,2014-10-15,Fall,31,Fair
3714,MR-23,42.432475,-83.520006,2014-04-15,Spring,39,Good
3715,MR-23,42.432475,-83.520006,2013-10-15,Fall,38,Good
3716,MR-23,42.432475,-83.520006,2013-04-15,Spring,41,Good
3717,MR-23,42.432475,-83.520006,2012-10-15,Fall,23,Fair
3718,MR-23,42.432475,-83.520006,2012-04-15,Spring,30,Fair
3719,MR-23,42.432475,-83.520006,2011-10-15,Fall,26,Fair
3720,MR-23,42.432475,-83.520006,2011-04-15,Spring,32,Fair
3721,MR-23,42.432475,-83.520006,2010-10-15,Fall,34,Good
3741,MR-24,42.3640761,-83.4643914,2022-10-15,Fall,21,Fair
3749,MR-24,42.3640761,-83.4643914,2018-10-15,Fall,16,Poor
3751,MR-24,42.3640761,-83.4643914,2017-10-15,Fall,18,Poor
3755,MR-24,42.3640761,-83.4643914,2015-10-15,Fall,28,Fair
3757,MR-24,42.3640761,-83.4643914,2014-10-15,Fall,29,Fair
3759,MR-24,42.3640761,-83.4643914,2013-10-15,Fall,36,Good
3760,MR-24,42.3640761,-83.4643914,2013-04-15,Spring,31,Fair
3761,MR-24,42.3640761,-83.4643914,2012-10-15,Fall,36,Good
3762,MR-24,42.3640761,-83.4643914,2012-04-15,Spring,18,Poor
3763,MR-24,42.3640761,-83.4643914,2011-10-15,Fall,26,Fair
3764,MR-24,42.3640761,-83.4643914,2011-04-15,Spring,36,Good
3785,MR-25,42.43058,-83.5135,2022-10-15,Fall,28,Fair
3791,MR-25,42.43058,-83.5135,2019-10-15,Fall,28,Fair
3793,MR-25,42.43058,-83.5135,2018-10-15,Fall,26,Fair
3794,MR-25,42.43058,-83.5135,2018-04-15,Spring,38,Good
3796,MR-25,42.43058,-83.5135,2017-04-15,Spring,34,Good
3798,MR-25,42.43058,-83.5135,2016-04-15,Spring,46,Good
3799,MR-25,42.43058,-83.5135,2015-10-15,Fall,31,Fair
3800,MR-25,42.43058,-83.5135,2015-04-15,Spring,51,Excellent
3801,MR-25,42.43058,-83.5135,2014-10-15,Fall,32,Fair
3802,MR-25,42.43058,-83.5135,2014-04-15,Spring,35,Good
3803,MR-25,42.43058,-83.5135,2013-10-15,Fall,26,Fair
3804,MR-25,42.43058,-83.5135,2013-04-15,Spring,49,Excellent
3805,MR-25,42.43058,-83.5135,2012-10-15,Fall,25,Fair
3806,MR-25,42.43058,-83.5135,2012-04-15,Spring,43,Good
3832,MR-26,42.434306,-83.550725,2021-04-15,Spring,31,Fair
3833,MR-26,42.434306,-83.550725,2020-10-15,Fall,32,Fair
3838,MR-26,42.434306,-83.550725,2018-04-15,Spring,30,Fair
3840,MR-26,42.434306,-83.550725,2017-04-15,Spring,48,Good
3841,MR-26,42.434306,-83.550725,2016-10-15,Fall,37,Good
3842,MR-26,42.434306,-83.550725,2016-04-15,Spring,34,Good
3844,MR-26,42.434306,-83.550725,2015-04-15,Spring,42,Good
3845,MR-26,42.434306,-83.550725,2014-10-15,Fall,13,Poor
3846,MR-26,42.434306,-83.550725,2014-04-15,Spring,31,Fair
3847,MR-26,42.434306,-83.550725,2013-10-15,Fall,33,Fair
3848,MR-26,42.434306,-83.550725,2013-04-15,Spring,48,Good
3874,MR-27,42.41672,-83.531253,2022-04-15,Spring,26,Fair
3876,MR-27,42.41672,-83.531253,2021-04-15,Spring,30,Fair
3881,MR-27,42.41672,-83.531253,2018-10-15,Fall,30,Fair
3882,MR-27,42.41672,-83.531253,2018-04-15,Spring,46,Good
3883,MR-27,42.41672,-83.531253,2017-10-15,Fall,32,Fair
3884,MR-27,42.41672,-83.531253,2017-04-15,Spring,48,Good
3885,MR-27,42.41672,-83.531253,2016-10-15,Fall,44,Good
3886,MR-27,42.41672,-83.531253,2016-04-15,Spring,52,Excellent
3887,MR-27,42.41672,-83.531253,2015-10-15,Fall,41,Good
3888,MR-27,42.41672,-83.531253,2015-04-15,Spring,51,Excellent
3889,MR-27,42.41672,-83.531253,2014-10-15,Fall,39,Good
3919,MR-2a,42.4089,-83.4704,2021-10-15,Fall,35,Good
3925,MR-2a,42.4089,-83.4704,2018-10-15,Fall,46,Good
3926,MR-2a,42.4089,-83.4704,2018-04-15,Spring,43,Good
3928,MR-2a,42.4089,-83.4704,2017-04-15,Spring,48,Good
3936,MR-2a,42.4089,-83.4704,2013-04-15,Spring,40,Good
3938,MR-2a,42.4089,-83.4704,2012-04-15,Spring,37,Good
3939,MR-2a,42.4089,-83.4704,2011-10-15,Fall,43,Good
3940,MR-2a,42.4089,-83.4704,2011-04-15,Spring,44,Good
3942,MR-2a,42.4089,-83.4704,2010-04-15,Spring,38,Good
3943,MR-2a,42.4089,-83.4704,2009-10-15,Fall,35,Good
3944,MR-2a,42.4089,-83.4704,2009-04-15,Spring,41,Good
3945,MR-2a,42.4089,-83.4704,2008-10-15,Fall,37,Good
3946,MR-2a,42.4089,-83.4704,2008-04-15,Spring,48,Good
3947,MR-2a,42.4089,-83.4704,2007-10-15,Fall,34,Good
3963,MR-3,42.37402,-83.45532,2021-10-15,Fall,47,Good
3967,MR-3,42.37402,-83.45532,2019-10-15,Fall,44,Good
3973,MR-3,42.37402,-83.45532,2016-10-15,Fall,43,Good
3974,MR-3,42.37402,-83.45532,2016-04-15,Spring,37,Good
3978,MR-3,42.37402,-83.45532,2014-04-15,Spring,42,Good
3981,MR-3,42.37402,-83.45532,2012-10-15,Fall,40,Good
3982,MR-3,42.37402,-83.45532,2012-04-15,Spring,45,Good
3991,MR-3,42.37402,-83.45532,2007-10-15,Fall,44,Good
3992,MR-3,42.37402,-83.45532,2007-04-15,Spring,39,Good
3993,MR-3,42.37402,-83.45532,2006-10-15,Fall,24,Fair
3994,MR-3,42.37402,-83.45532,2006-04-15,Spring,32,Fair
3995,MR-3,42.37402,-83.45532,2005-10-15,Fall,32,Fair
3996,MR-3,42.37402,-83.45532,2005-04-15,Spring,32,Fair
3997,MR-3,42.37402,-83.45532,2004-10-15,Fall,41,Good
4005,MR-4,42.36445,-83.40406,2022-10-15,Fall,34,Good
4011,MR-4,42.36445,-83.40406,2019-10-15,Fall,26,Fair
4013,MR-4,42.36445,-83.40406,2018-10-15,Fall,28,Fair
4014,MR-4,42.36445,-83.40406,2018-04-15,Spring,22,Fair
4015,MR-4,42.36445,-83.40406,2017-10-15,Fall,28,Fair
4016,MR-4,42.36445,-83.40406,2017-04-15,Spring,24,Fair
4017,MR-4,42.36445,-83.40406,2016-10-15,Fall,28,Fair
4019,MR-4,42.36445,-83.40406,2015-10-15,Fall,37,Good
4020,MR-4,42.36445,-83.40406,2015-04-15,Spring,21,Fair
4030,MR-4,42.36445,-83.40406,2010-04-15,Spring,37,Good
4035,MR-4,42.36445,-83.40406,2007-10-15,Fall,34,Good
4036,MR-4,42.36445,-83.40406,2007-04-15,Spring,20,Fair
4037,MR-4,42.36445,-83.40406,2006-10-15,Fall,20,Fair
4038,MR-4,42.36445,-83.40406,2006-04-15,Spring,41,Good
4039,MR-4,42.36445,-83.40406,2005-10-15,Fall,18,Poor
4040,MR-4,42.36445,-83.40406,2005-04-15,Spring,33,Fair
4041,MR-4,42.36445,-83.40406,2004-10-15,Fall,19,Poor
4079,MR-5,42.34447,-83.36118,2007-10-15,Fall,25,Fair
4080,MR-5,42.34447,-83.36118,2007-04-15,Spring,20,Fair
4081,MR-5,42.34447,-83.36118,2006-10-15,Fall,20,Fair
4082,MR-5,42.34447,-83.36118,2006-04-15,Spring,5,Poor
4083,MR-5,42.34447,-83.36118,2005-10-15,Fall,17,Poor
4084,MR-5,42.34447,-83.36118,2005-04-15,Spring,19,Poor
4085,MR-5,42.34447,-83.36118,2004-10-15,Fall,13,Poor
4123,MR-6,42.34132,-83.33765,2007-10-15,Fall,19,Poor
4124,MR-6,42.34132,-83.33765,2007-04-15,Spring,14,Poor
4125,MR-6,42.34132,-83.33765,2006-10-15,Fall,22,Fair
4126,MR-6,42.34132,-83.33765,2006-04-15,Spring,4,Poor
4127,MR-6,42.34132,-83.33765,2005-10-15,Fall,24,Fair
4128,MR-6,42.34132,-83.33765,2005-04-15,Spring,11,Poor
4129,MR-6,42.34132,-83.33765,2004-10-15,Fall,18,Poor
4167,MR-7,42.34286,-83.32853,2007-10-15,Fall,22,Fair
4168,MR-7,42.34286,-83.32853,2007-04-15,Spring,24,Fair
4169,MR-7,42.34286,-83.32853,2006-10-15,Fall,27,Fair
4170,MR-7,42.34286,-83.32853,2006-04-15,Spring,8,Poor
4171,MR-7,42.34286,-83.32853,2005-10-15,Fall,24,Fair
4172,MR-7,42.34286,-83.32853,2005-04-15,Spring,17,Poor
4173,MR-7,42.34286,-83.32853,2004-10-15,Fall,17,Poor
4193,MR-8,42.34893,-83.31455,2016-10-15,Fall,15,Poor
4194,MR-8,42.34893,-83.31455,2016-04-15,Spring,23,Fair
4198,MR-8,42.34893,-83.31455,2014-04-15,Spring,21,Fair
4205,MR-8,42.34893,-83.31455,2010-10-15,Fall,22,Fair
4206,MR-8,42.34893,-83.31455,2010-04-15,Spring,27,Fair
4211,MR-8,42.34893,-83.31455,2007-10-15,Fall,18,Poor
4212,MR-8,42.34893,-83.31455,2007-04-15,Spring,17,Poor
4213,MR-8,42.34893,-83.31455,2006-10-15,Fall,20,Fair
4214,MR-8,42.34893,-83.31455,2006-04-15,Spring,5,Poor
4215,MR-8,42.34893,-83.31455,2005-10-15,Fall,26,Fair
4216,MR-8,42.34893,-83.31455,2005-04-15,Spring,19,Poor
4217,MR-8,42.34893,-83.31455,2004-10-15,Fall,19,Poor
4234,MR-9,42.34732,-83.29135,2018-04-15,Spring,21,Fair
4238,MR-9,42.34732,-83.29135,2016-04-15,Spring,30,Fair
4241,MR-9,42.34732,-83.29135,2014-10-15,Fall,29,Fair
4246,MR-9,42.34732,-83.29135,2012-04-15,Spring,35,Good
4256,MR-9,42.34732,-83.29135,2007-04-15,Spring,29,Fair
4257,MR-9,42.34732,-83.29135,2006-10-15,Fall,13,Poor
4258,MR-9,42.34732,-83.29135,2006-04-15,Spring,8,Poor
4259,MR-9,42.34732,-83.29135,2005-10-15,Fall,15,Poor
4260,MR-9,42.34732,-83.29135,2005-04-15,Spring,17,Poor
4261,MR-9,42.34732,-83.29135,2004-10-15,Fall,19,Poor
4271,Mur2,42.59375,-83.25174,2021-10-15,Fall,23,Fair
4277,Mur2,42.59375,-83.25174,2018-10-15,Fall,20,Fair
4281,Mur2,42.59375,-83.25174,2016-10-15,Fall,16,Poor
4284,Mur2,42.59375,-83.25174,2015-04-15,Spring,34,Good
4288,Mur2,42.59375,-83.25174,2013-04-15,Spring,27,Fair
4293,Mur2,42.59375,-83.25174,2010-10-15,Fall,29,Fair
4294,Mur2,42.59375,-83.25174,2010-04-15,Spring,33,Fair
4295,Mur2,42.59375,-83.25174,2009-10-15,Fall,26,Fair
4296,Mur2,42.59375,-83.25174,2009-04-15,Spring,32,Fair
4297,Mur2,42.59375,-83.25174,2008-10-15,Fall,25,Fair
4298,Mur2,42.59375,-83.25174,2008-04-15,Spring,23,Fair
4299,Mur2,42.59375,-83.25174,2007-10-15,Fall,28,Fair
4300,Mur2,42.59375,-83.25174,2007-04-15,Spring,25,Fair
4313,Nott,42.51149,-83.26463,2022-10-15,Fall,16,Poor
4314,Nott,42.51149,-83.26463,2022-04-15,Spring,20,Fair
4315,Nott,42.51149,-83.26463,2021-10-15,Fall,20,Fair
4316,Nott,42.51149,-83.26463,2021-04-15,Spring,22,Fair
4317,Nott,42.51149,-83.26463,2020-10-15,Fall,27,Fair
4321,Nott,42.51149,-83.26463,2018-10-15,Fall,26,Fair
4322,Nott,42.51149,-83.26463,2018-04-15,Spring,17,Poor
4325,Nott,42.51149,-83.26463,2016-10-15,Fall,27,Fair
4328,Nott,42.51149,-83.26463,2015-04-15,Spring,22,Fair
4332,Nott,42.51149,-83.26463,2013-04-15,Spring,22,Fair
4336,Nott,42.51149,-83.26463,2011-04-15,Spring,24,Fair
4337,Nott,42.51149,-83.26463,2010-10-15,Fall,22,Fair
4340,Nott,42.51149,-83.26463,2009-04-15,Spring,26,Fair
4341,Nott,42.51149,-83.26463,2008-10-15,Fall,32,Fair
4342,Nott,42.51149,-83.26463,2008-04-15,Spring,29,Fair
4343,Nott,42.51149,-83.26463,2007-10-15,Fall,27,Fair
4347,Nott,42.51149,-83.26463,2005-10-15,Fall,28,Fair
4348,Nott,42.51149,-83.26463,2005-04-15,Spring,21,Fair
4349,Nott,42.51149,-83.26463,2004-10-15,Fall,34,Good
4350,Nott,42.51149,-83.26463,2004-04-15,Spring,31,Fair
4357,Nton,42.37312,-83.47572,2022-10-15,Fall,36,Good
4358,Nton,42.37312,-83.47572,2022-04-15,Spring,25,Fair
4359,Nton,42.37312,-83.47572,2021-10-15,Fall,42,Good
4360,Nton,42.37312,-83.47572,2021-04-15,Spring,24,Fair
4361,Nton,42.37312,-83.47572,2020-10-15,Fall,30,Fair
4370,Nton,42.37312,-83.47572,2016-04-15,Spring,19,Poor
4371,Nton,42.37312,-83.47572,2015-10-15,Fall,17,Poor
4374,Nton,42.37312,-83.47572,2014-04-15,Spring,20,Fair
4375,Nton,42.37312,-83.47572,2013-10-15,Fall,38,Good
4378,Nton,42.37312,-83.47572,2012-04-15,Spring,25,Fair
4379,Nton,42.37312,-83.47572,2011-10-15,Fall,26,Fair
4380,Nton,42.37312,-83.47572,2011-04-15,Spring,16,Poor
4384,Nton,42.37312,-83.47572,2009-04-15,Spring,21,Fair
4385,Nton,42.37312,-83.47572,2008-10-15,Fall,27,Fair
4386,Nton,42.37312,-83.47572,2008-04-15,Spring,23,Fair
4387,Nton,42.37312,-83.47572,2007-10-15,Fall,26,Fair
4392,Nton,42.37312,-83.47572,2005-04-15,Spring,14,Poor
4394,Nton,42.37312,-83.47572,2004-04-15,Spring,12,Poor
4411,Peb1,42.50133,-83.32912,2017-10-15,Fall,24,Fair
4412,Peb1,42.50133,-83.32912,2017-04-15,Spring,30,Fair
4414,Peb1,42.50133,-83.32912,2016-04-15,Spring,12,Poor
4415,Peb1,42.50133,-83.32912,2015-10-15,Fall,25,Fair
4416,Peb1,42.50133,-83.32912,2015-04-15,Spring,27,Fair
4417,Peb1,42.50133,-83.32912,2014-10-15,Fall,38,Good
4418,Peb1,42.50133,-83.32912,2014-04-15,Spring,26,Fair
4419,Peb1,42.50133,-83.32912,2013-10-15,Fall,38,Good
4420,Peb1,42.50133,-83.32912,2013-04-15,Spring,28,Fair
4421,Peb1,42.50133,-83.32912,2012-10-15,Fall,28,Fair
4422,Peb1,42.50133,-83.32912,2012-04-15,Spring,24,Fair
4423,Peb1,42.50133,-83.32912,2011-10-15,Fall,37,Good
4424,Peb1,42.50133,-83.32912,2011-04-15,Spring,36,Good
4425,Peb1,42.50133,-83.32912,2010-10-15,Fall,32,Fair
4428,Peb1,42.50133,-83.32912,2009-04-15,Spring,31,Fair
4430,Peb1,42.50133,-83.32912,2008-04-15,Spring,22,Fair
4431,Peb1,42.50133,-83.32912,2007-10-15,Fall,38,Good
4432,Peb1,42.50133,-83.32912,2007-04-15,Spring,24,Fair
4433,Peb1,42.50133,-83.32912,2006-10-15,Fall,48,Good
4436,Peb1,42.50133,-83.32912,2005-04-15,Spring,28,Fair
4437,Peb1,42.50133,-83.32912,2004-10-15,Fall,40,Good
4438,Peb1,42.50133,-83.32912,2004-04-15,Spring,26,Fair
4439,Peb1,42.50133,-83.32912,2003-10-15,Fall,37,Good
4440,Peb1,42.50133,-83.32912,2003-04-15,Spring,12,Poor
4441,Peb1,42.50133,-83.32912,2002-10-15,Fall,47,Good
4442,Peb1,42.50133,-83.32912,2002-04-15,Spring,31,Fair
4443,Peb1,42.50133,-83.32912,2001-10-15,Fall,29,Fair
4444,Peb1,42.50133,-83.32912,2001-04-15,Spring,36,Good
4445,Peb2,42.51521,-83.34402,2022-10-15,Fall,31,Fair
4446,Peb2,42.51521,-83.34402,2022-04-15,Spring,29,Fair
4447,Peb2,42.51521,-83.34402,2021-10-15,Fall,19,Poor
4453,Peb2,42.51521,-83.34402,2018-10-15,Fall,24,Fair
4455,Peb2,42.51521,-83.34402,2017-10-15,Fall,28,Fair
4457,Peb2,42.51521,-83.34402,2016-10-15,Fall,25,Fair
4463,Peb2,42.51521,-83.34402,2013-10-15,Fall,23,Fair
4464,Peb2,42.51521,-83.34402,2013-04-15,Spring,23,Fair
4465,Peb2,42.51521,-83.34402,2012-10-15,Fall,26,Fair
4466,Peb2,42.51521,-83.34402,2012-04-15,Spring,24,Fair
4467,Peb2,42.51521,-83.34402,2011-10-15,Fall,24,Fair
4468,Peb2,42.51521,-83.34402,2011-04-15,Spring,30,Fair
4471,Peb2,42.51521,-83.34402,2009-10-15,Fall,24,Fair
4472,Peb2,42.51521,-83.34402,2009-04-15,Spring,23,Fair
4473,Peb2,42.51521,-83.34402,2008-10-15,Fall,29,Fair
4474,Peb2,42.51521,-83.34402,2008-04-15,Spring,37,Good
4475,Peb2,42.51521,-83.34402,2007-10-15,Fall,18,Poor
4480,Peb2,42.51521,-83.34402,2005-04-15,Spring,26,Fair
4489,Peb3,42.500849,-83.324474,2022-10-15,Fall,31,Fair
4490,Peb3,42.500849,-83.324474,2022-04-15,Spring,36,Good
4493,Peb3,42.500849,-83.324474,2020-10-15,Fall,22,Fair
4495,Peb3,42.500849,-83.324474,2019-10-15,Fall,36,Good
4497,Peb3,42.500849,-83.324474,2018-10-15,Fall,24,Fair
4500,Peb3,42.500849,-83.324474,2017-04-15,Spring,26,Fair
4501,Peb3,42.500849,-83.324474,2016-10-15,Fall,20,Fair
4502,Peb3,42.500849,-83.324474,2016-04-15,Spring,14,Poor
4503,Peb3,42.500849,-83.324474,2015-10-15,Fall,20,Fair
4504,Peb3,42.500849,-83.324474,2015-04-15,Spring,28,Fair
4505,Peb3,42.500849,-83.324474,2014-10-15,Fall,30,Fair
4506,Peb3,42.500849,-83.324474,2014-04-15,Spring,21,Fair
4507,Peb3,42.500849,-83.324474,2013-10-15,Fall,27,Fair
4508,Peb3,42.500849,-83.324474,2013-04-15,Spring,35,Good
4509,Peb3,42.500849,-83.324474,2012-10-15,Fall,30,Fair
4510,Peb3,42.500849,-83.324474,2012-04-15,Spring,37,Good
4511,Peb3,42.500849,-83.324474,2011-10-15,Fall,34,Good
4512,Peb3,42.500849,-83.324474,2011-04-15,Spring,32,Fair
4539,See2,42.48927,-83.40099,2019-10-15,Fall,18,Poor
4542,See2,42.48927,-83.40099,2018-04-15,Spring,31,Fair
4543,See2,42.48927,-83.40099,2017-10-15,Fall,19,Poor
4545,See2,42.48927,-83.40099,2016-10-15,Fall,20,Fair
4546,See2,42.48927,-83.40099,2016-04-15,Spring,21,Fair
4549,See2,42.48927,-83.40099,2014-10-15,Fall,24,Fair
4550,See2,42.48927,-83.40099,2014-04-15,Spring,26,Fair
4552,See2,42.48927,-83.40099,2013-04-15,Spring,26,Fair
4553,See2,42.48927,-83.40099,2012-10-15,Fall,25,Fair
4555,See2,42.48927,-83.40099,2011-10-15,Fall,29,Fair
4556,See2,42.48927,-83.40099,2011-04-15,Spring,33,Fair
4557,See2,42.48927,-83.40099,2010-10-15,Fall,20,Fair
4558,See2,42.48927,-83.40099,2010-04-15,Spring,25,Fair
4559,See2,42.48927,-83.40099,2009-10-15,Fall,35,Good
4569,See2,42.48927,-83.40099,2004-10-15,Fall,13,Poor
4570,See2,42.48927,-83.40099,2004-04-15,Spring,17,Poor
4571,See2,42.48927,-83.40099,2003-10-15,Fall,36,Good
4572,See2,42.48927,-83.40099,2003-04-15,Spring,16,Poor
4577,See3,42.51073,-83.4304,2022-10-15,Fall,30,Fair
4578,See3,42.51073,-83.4304,2022-04-15,Spring,19,Poor
4581,See3,42.51073,-83.4304,2020-10-15,Fall,22,Fair
4583,See3,42.51073,-83.4304,2019-10-15,Fall,18,Poor
4586,See3,42.51073,-83.4304,2018-04-15,Spring,26,Fair
4587,See3,42.51073,-83.4304,2017-10-15,Fall,18,Poor
4589,See3,42.51073,-83.4304,2016-10-15,Fall,15,Poor
4590,See3,42.51073,-83.4304,2016-04-15,Spring,25,Fair
4593,See3,42.51073,-83.4304,2014-10-15,Fall,24,Fair
4594,See3,42.51073,-83.4304,2014-04-15,Spring,28,Fair
4596,See3,42.51073,-83.4304,2013-04-15,Spring,20,Fair
4597,See3,42.51073,-83.4304,2012-10-15,Fall,24,Fair
4599,See3,42.51073,-83.4304,2011-10-15,Fall,27,Fair
4600,See3,42.51073,-83.4304,2011-04-15,Spring,20,Fair
4601,See3,42.51073,-83.4304,2010-10-15,Fall,23,Fair
4602,See3,42.51073,-83.4304,2010-04-15,Spring,33,Fair
4603,See3,42.51073,-83.4304,2009-10-15,Fall,16,Poor
4604,See3,42.51073,-83.4304,2009-04-15,Spring,18,Poor
4623,See4,42.516904,-83.436534,2021-10-15,Fall,28,Fair
4665,Sprag,42.6159714,-83.1920726,2022-10-15,Fall,28,Fair
4666,Sprag,42.6159714,-83.1920726,2022-04-15,Spring,42,Good
4667,Sprag,42.6159714,-83.1920726,2021-10-15,Fall,28,Fair
4668,Sprag,42.6159714,-83.1920726,2021-04-15,Spring,32,Fair
4669,Sprag,42.6159714,-83.1920726,2020-10-15,Fall,23,Fair
4674,Sprag,42.6159714,-83.1920726,2018-04-15,Spring,31,Fair
4676,Sprag,42.6159714,-83.1920726,2017-04-15,Spring,33,Fair
4677,Sprag,42.6159714,-83.1920726,2016-10-15,Fall,53,Excellent
4678,Sprag,42.6159714,-83.1920726,2016-04-15,Spring,42,Good
4681,Sprag,42.6159714,-83.1920726,2014-10-15,Fall,44,Good
4684,Sprag,42.6159714,-83.1920726,2013-04-15,Spring,34,Good
4685,Sprag,42.6159714,-83.1920726,2012-10-15,Fall,28,Fair
4689,Sprag,42.6159714,-83.1920726,2010-10-15,Fall,36,Good
4690,Sprag,42.6159714,-83.1920726,2010-04-15,Spring,42,Good
4691,Sprag,42.6159714,-83.1920726,2009-10-15,Fall,49,Excellent
4692,Sprag,42.6159714,-83.1920726,2009-04-15,Spring,54,Excellent
4693,Sprag,42.6159714,-83.1920726,2008-10-15,Fall,33,Fair
4694,Sprag,42.6159714,-83.1920726,2008-04-15,Spring,32,Fair
4695,Sprag,42.6159714,-83.1920726,2007-10-15,Fall,46,Good
4697,Sprag,42.6159714,-83.1920726,2006-10-15,Fall,34,Good
4700,Sprag,42.6159714,-83.1920726,2005-04-15,Spring,28,Fair
4742,Tar1,42.447798,-83.386233,2006-04-15,Spring,30,Fair
4744,Tar1,42.447798,-83.386233,2005-04-15,Spring,22,Fair
4745,Tar1,42.447798,-83.386233,2004-10-15,Fall,23,Fair
4746,Tar1,42.447798,-83.386233,2004-04-15,Spring,30,Fair
4747,Tar1,42.447798,-83.386233,2003-10-15,Fall,33,Fair
4748,Tar1,42.447798,-83.386233,2003-04-15,Spring,29,Fair
4749,Tar1,42.447798,-83.386233,2002-10-15,Fall,30,Fair
4761,Tar2,42.441084,-83.38423,2018-10-15,Fall,21,Fair
4763,Tar2,42.441084,-83.38423,2017-10-15,Fall,28,Fair
4764,Tar2,42.441084,-83.38423,2017-04-15,Spring,28,Fair
4766,Tar2,42.441084,-83.38423,2016-04-15,Spring,14,Poor
4767,Tar2,42.441084,-83.38423,2015-10-15,Fall,27,Fair
4768,Tar2,42.441084,-83.38423,2015-04-15,Spring,14,Poor
4769,Tar2,42.441084,-83.38423,2014-10-15,Fall,22,Fair
4772,Tar2,42.441084,-83.38423,2013-04-15,Spring,31,Fair
4776,Tar2,42.441084,-83.38423,2011-04-15,Spring,24,Fair
4779,Tar2,42.441084,-83.38423,2009-10-15,Fall,27,Fair
4783,Tar2,42.441084,-83.38423,2007-10-15,Fall,39,Good
4784,Tar2,42.441084,-83.38423,2007-04-15,Spring,26,Fair
4785,Tar2,42.441084,-83.38423,2006-10-15,Fall,23,Fair
4786,Tar2,42.441084,-83.38423,2006-04-15,Spring,29,Fair
4787,Tar2,42.441084,-83.38423,2005-10-15,Fall,34,Good
4789,Tar2,42.441084,-83.38423,2004-10-15,Fall,39,Good
4790,Tar2,42.441084,-83.38423,2004-04-15,Spring,30,Fair
4791,Tar2,42.441084,-83.38423,2003-10-15,Fall,29,Fair
4793,Tar2,42.441084,-83.38423,2002-10-15,Fall,21,Fair
4794,Tar2,42.441084,-83.38423,2002-04-15,Spring,16,Poor
4797,Ton1,42.36701,-83.49895,2022-10-15,Fall,32,Fair
4798,Ton1,42.36701,-83.49895,2022-04-15,Spring,40,Good
4799,Ton1,42.36701,-83.49895,2021-10-15,Fall,42,Good
4800,Ton1,42.36701,-83.49895,2021-04-15,Spring,44,Good
4801,Ton1,42.36701,-83.49895,2020-10-15,Fall,41,Good
4803,Ton1,42.36701,-83.49895,2019-10-15,Fall,36,Good
4804,Ton1,42.36701,-83.49895,2019-04-15,Spring,35,Good
4805,Ton1,42.36701,-83.49895,2018-10-15,Fall,36,Good
4806,Ton1,42.36701,-83.49895,2018-04-15,Spring,34,Good
4807,Ton1,42.36701,-83.49895,2017-10-15,Fall,43,Good
4808,Ton1,42.36701,-83.49895,2017-04-15,Spring,47,Good
4810,Ton1,42.36701,-83.49895,2016-04-15,Spring,38,Good
4811,Ton1,42.36701,-83.49895,2015-10-15,Fall,51,Excellent
4812,Ton1,42.36701,-83.49895,2015-04-15,Spring,44,Good
4813,Ton1,42.36701,-83.49895,2014-10-15,Fall,51,Excellent
4814,Ton1,42.36701,-83.49895,2014-04-15,Spring,40,Good
4815,Ton1,42.36701,-83.49895,2013-10-15,Fall,46,Good
4816,Ton1,42.36701,-83.49895,2013-04-15,Spring,48,Good
4817,Ton1,42.36701,-83.49895,2012-10-15,Fall,44,Good
4818,Ton1,42.36701,-83.49895,2012-04-15,Spring,57,Excellent
4819,Ton1,42.36701,-83.49895,2011-10-15,Fall,55,Excellent
4820,Ton1,42.36701,-83.49895,2011-04-15,Spring,59,Excellent
4821,Ton1,42.36701,-83.49895,2010-10-15,Fall,45,Good
4825,Ton1,42.36701,-83.49895,2008-10-15,Fall,39,Good
4826,Ton1,42.36701,-83.49895,2008-04-15,Spring,46,Good
4828,Ton1,42.36701,-83.49895,2007-04-15,Spring,51,Excellent
4829,Ton1,42.36701,-83.49895,2006-10-15,Fall,37,Good
4830,Ton1,42.36701,-83.49895,2006-04-15,Spring,25,Fair
4831,Ton1,42.36701,-83.49895,2005-10-15,Fall,33,Fair
4832,Ton1,42.36701,-83.49895,2005-04-15,Spring,28,Fair
4833,Ton1,42.36701,-83.49895,2004-10-15,Fall,31,Fair
4834,Ton1,42.36701,-83.49895,2004-04-15,Spring,33,Fair
4835,Ton1,42.36701,-83.49895,2003-10-15,Fall,49,Excellent
4844,Ton1/2,42.3642907,-83.489154,2021-04-15,Spring,33,Fair
4850,Ton1/2,42.3642907,-83.489154,2018-04-15,Spring,35,Good
4853,Ton1/2,42.3642907,-83.489154,2016-10-15,Fall,33,Fair
4855,Ton1/2,42.3642907,-83.489154,2015-10-15,Fall,33,Fair
4856,Ton1/2,42.3642907,-83.489154,2015-04-15,Spring,26,Fair
4861,Ton1/2,42.3642907,-83.489154,2012-10-15,Fall,36,Good
4862,Ton1/2,42.3642907,-83.489154,2012-04-15,Spring,44,Good
4865,Ton1/2,42.3642907,-83.489154,2010-10-15,Fall,35,Good
4866,Ton1/2,42.3642907,-83.489154,2010-04-15,Spring,27,Fair
4869,Ton1/2,42.3642907,-83.489154,2008-10-15,Fall,36,Good
4870,Ton1/2,42.3642907,-83.489154,2008-04-15,Spring,30,Fair
4873,Ton1/2,42.3642907,-83.489154,2006-10-15,Fall,26,Fair
4874,Ton1/2,42.3642907,-83.489154,2006-04-15,Spring,39,Good
4875,Ton1/2,42.3642907,-83.489154,2005-10-15,Fall,31,Fair
4885,Ton2,42.35809,-83.46507,2022-10-15,Fall,15,Poor
4886,Ton2,42.35809,-83.46507,2022-04-15,Spring,17,Poor
4887,Ton2,42.35809,-83.46507,2021-10-15,Fall,35,Good
4888,Ton2,42.35809,-83.46507,2021-04-15,Spring,20,Fair
4894,Ton2,42.35809,-83.46507,2018-04-15,Spring,9,Poor
4897,Ton2,42.35809,-83.46507,2016-10-15,Fall,20,Fair
4898,Ton2,42.35809,-83.46507,2016-04-15,Spring,25,Fair
4902,Ton2,42.35809,-83.46507,2014-04-15,Spring,19,Poor
4903,Ton2,42.35809,-83.46507,2013-10-15,Fall,25,Fair
4906,Ton2,42.35809,-83.46507,2012-04-15,Spring,30,Fair
4907,Ton2,42.35809,-83.46507,2011-10-15,Fall,18,Poor
4910,Ton2,42.35809,-83.46507,2010-04-15,Spring,22,Fair
4911,Ton2,42.35809,-83.46507,2009-10-15,Fall,26,Fair
4915,Ton2,42.35809,-83.46507,2007-10-15,Fall,27,Fair
4916,Ton2,42.35809,-83.46507,2007-04-15,Spring,22,Fair
4918,Ton2,42.35809,-83.46507,2006-04-15,Spring,23,Fair
4920,Ton2,42.35809,-83.46507,2005-04-15,Spring,10,Poor
4923,Ton2,42.35809,-83.46507,2003-10-15,Fall,17,Poor
4925,Ton2,42.35809,-83.46507,2002-10-15,Fall,16,Poor
4926,Ton2,42.35809,-83.46507,2002-04-15,Spring,8,Poor
4927,Ton2,42.35809,-83.46507,2001-10-15,Fall,16,Poor
4928,Ton2,42.35809,-83.46507,2001-04-15,Spring,13,Poor
4929,Up1,42.47526,-83.3854501,2022-10-15,Fall,32,Fair
4932,Up1,42.47526,-83.3854501,2021-04-15,Spring,20,Fair
4938,Up1,42.47526,-83.3854501,2018-04-15,Spring,25,Fair
4941,Up1,42.47526,-83.3854501,2016-10-15,Fall,21,Fair
4944,Up1,42.47526,-83.3854501,2015-04-15,Spring,30,Fair
4946,Up1,42.47526,-83.3854501,2014-04-15,Spring,22,Fair
4947,Up1,42.47526,-83.3854501,2013-10-15,Fall,26,Fair
4949,Up1,42.47526,-83.3854501,2012-10-15,Fall,19,Poor
4950,Up1,42.47526,-83.3854501,2012-04-15,Spring,28,Fair
4953,Up1,42.47526,-83.3854501,2010-10-15,Fall,33,Fair
4957,Up1,42.47526,-83.3854501,2008-10-15,Fall,24,Fair
4958,Up1,42.47526,-83.3854501,2008-04-15,Spring,17,Poor
4960,Up1,42.47526,-83.3854501,2007-04-15,Spring,23,Fair
4961,Up1,42.47526,-83.3854501,2006-10-15,Fall,30,Fair
4962,Up1,42.47526,-83.3854501,2006-04-15,Spring,20,Fair
4963,Up1,42.47526,-83.3854501,2005-10-15,Fall,24,Fair
4973,Up2,42.4632161,-83.3682334,2022-10-15,Fall,41,Good
4974,Up2,42.4632161,-83.3682334,2022-04-15,Spring,33,Fair
4975,Up2,42.4632161,-83.3682334,2021-10-15,Fall,22,Fair
4976,Up2,42.4632161,-83.3682334,2021-04-15,Spring,21,Fair
4977,Up2,42.4632161,-83.3682334,2020-10-15,Fall,32,Fair
4980,Up2,42.4632161,-83.3682334,2019-04-15,Spring,17,Poor
4982,Up2,42.4632161,-83.3682334,2018-04-15,Spring,13,Poor
4983,Up2,42.4632161,-83.3682334,2017-10-15,Fall,29,Fair
4985,Up2,42.4632161,-83.3682334,2016-10-15,Fall,26,Fair
4986,Up2,42.4632161,-83.3682334,2016-04-15,Spring,15,Poor
4987,Up2,42.4632161,-83.3682334,2015-10-15,Fall,25,Fair
4989,Up2,42.4632161,-83.3682334,2014-10-15,Fall,16,Poor
4990,Up2,42.4632161,-83.3682334,2014-04-15,Spring,22,Fair
4993,Up2,42.4632161,-83.3682334,2012-10-15,Fall,28,Fair
4994,Up2,42.4632161,-83.3682334,2012-04-15,Spring,26,Fair
4997,Up2,42.4632161,-83.3682334,2010-10-15,Fall,20,Fair
5000,Up2,42.4632161,-83.3682334,2009-04-15,Spring,20,Fair
5001,Up2,42.4632161,-83.3682334,2008-10-15,Fall,20,Fair
5002,Up2,42.4632161,-83.3682334,2008-04-15,Spring,18,Poor
5004,Up2,42.4632161,-83.3682334,2007-04-15,Spring,29,Fair
5005,Up2,42.4632161,-83.3682334,2006-10-15,Fall,35,Good
5006,Up2,42.4632161,-83.3682334,2006-04-15,Spring,17,Poor
5007,Up2,42.4632161,-83.3682334,2005-10-15,Fall,21,Fair
5008,Up2,42.4632161,-83.3682334,2005-04-15,Spring,26,Fair
5009,Up2,42.4632161,-83.3682334,2004-10-15,Fall,30,Fair
5010,Up2,42.4632161,-83.3682334,2004-04-15,Spring,14,Poor
5011,Up2,42.4632161,-83.3682334,2003-10-15,Fall,36,Good
5012,Up2,42.4632161,-83.3682334,2003-04-15,Spring,19,Poor
5013,Up2,42.4632161,-83.3682334,2002-10-15,Fall,39,Good
5014,Up2,42.4632161,-83.3682334,2002-04-15,Spring,22,Fair
5025,UR-1,42.4111,-83.3029,2018-10-15,Fall,27,Fair
5029,UR-1,42.4111,-83.3029,2016-10-15,Fall,26,Fair
5032,UR-1,42.4111,-83.3029,2015-04-15,Spring,26,Fair
5033,UR-1,42.4111,-83.3029,2014-10-15,Fall,34,Good
5034,UR-1,42.4111,-83.3029,2014-04-15,Spring,14,Poor
5035,UR-1,42.4111,-83.3029,2013-10-15,Fall,29,Fair
5036,UR-1,42.4111,-83.3029,2013-04-15,Spring,16,Poor
5037,UR-1,42.4111,-83.3029,2012-10-15,Fall,24,Fair
5042,UR-1,42.4111,-83.3029,2010-04-15,Spring,21,Fair
5043,UR-1,42.4111,-83.3029,2009-10-15,Fall,21,Fair
5044,UR-1,42.4111,-83.3029,2009-04-15,Spring,26,Fair
5045,UR-1,42.4111,-83.3029,2008-10-15,Fall,26,Fair
5046,UR-1,42.4111,-83.3029,2008-04-15,Spring,17,Poor
5047,UR-1,42.4111,-83.3029,2007-10-15,Fall,35,Good
5069,UR-2,42.401803,-83.310759,2018-10-15,Fall,31,Fair
5071,UR-2,42.401803,-83.310759,2017-10-15,Fall,19,Poor
5072,UR-2,42.401803,-83.310759,2017-04-15,Spring,21,Fair
5073,UR-2,42.401803,-83.310759,2016-10-15,Fall,22,Fair
5077,UR-2,42.401803,-83.310759,2014-10-15,Fall,30,Fair
5078,UR-2,42.401803,-83.310759,2014-04-15,Spring,19,Poor
5081,UR-2,42.401803,-83.310759,2012-10-15,Fall,25,Fair
5082,UR-2,42.401803,-83.310759,2012-04-15,Spring,22,Fair
5083,UR-2,42.401803,-83.310759,2011-10-15,Fall,26,Fair
5084,UR-2,42.401803,-83.310759,2011-04-15,Spring,19,Poor
5085,UR-2,42.401803,-83.310759,2010-10-15,Fall,9,Poor
5086,UR-2,42.401803,-83.310759,2010-04-15,Spring,18,Poor
5087,UR-2,42.401803,-83.310759,2009-10-15,Fall,28,Fair
5088,UR-2,42.401803,-83.310759,2009-04-15,Spring,23,Fair
5089,UR-2,42.401803,-83.310759,2008-10-15,Fall,23,Fair
5111,UR-3,42.426303,-83.362972,2019-10-15,Fall,23,Fair
5113,UR-3,42.426303,-83.362972,2018-10-15,Fall,30,Fair
5114,UR-3,42.426303,-83.362972,2018-04-15,Spring,22,Fair
5115,UR-3,42.426303,-83.362972,2017-10-15,Fall,22,Fair
5126,UR-3,42.426303,-83.362972,2012-04-15,Spring,18,Poor
5127,UR-3,42.426303,-83.362972,2011-10-15,Fall,24,Fair
5128,UR-3,42.426303,-83.362972,2011-04-15,Spring,25,Fair
5129,UR-3,42.426303,-83.362972,2010-10-15,Fall,24,Fair
5130,UR-3,42.426303,-83.362972,2010-04-15,Spring,17,Poor
5131,UR-3,42.426303,-83.362972,2009-10-15,Fall,24,Fair
5132,UR-3,42.426303,-83.362972,2009-04-15,Spring,21,Fair
5133,UR-3,42.426303,-83.362972,2008-10-15,Fall,22,Fair
5155,UR-4,42.400014,-83.286158,2019-10-15,Fall,24,Fair
5156,UR-4,42.400014,-83.286158,2019-04-15,Spring,24,Fair
5157,UR-4,42.400014,-83.286158,2018-10-15,Fall,22,Fair
5158,UR-4,42.400014,-83.286158,2018-04-15,Spring,25,Fair
5164,UR-4,42.400014,-83.286158,2015-04-15,Spring,18,Poor
5165,UR-4,42.400014,-83.286158,2014-10-15,Fall,28,Fair
5166,UR-4,42.400014,-83.286158,2014-04-15,Spring,17,Poor
5167,UR-4,42.400014,-83.286158,2013-10-15,Fall,27,Fair
5168,UR-4,42.400014,-83.286158,2013-04-15,Spring,21,Fair
5169,UR-4,42.400014,-83.286158,2012-10-15,Fall,22,Fair
5170,UR-4,42.400014,-83.286158,2012-04-15,Spring,21,Fair
5171,UR-4,42.400014,-83.286158,2011-10-15,Fall,28,Fair
5172,UR-4,42.400014,-83.286158,2011-04-15,Spring,35,Good
5173,UR-4,42.400014,-83.286158,2010-10-15,Fall,31,Fair
5203,UR-5,42.411266,-83.379288,2017-10-15,Fall,27,Fair
5204,UR-5,42.411266,-83.379288,2017-04-15,Spring,27,Fair
5205,UR-5,42.411266,-83.379288,2016-10-15,Fall,32,Fair
5206,UR-5,42.411266,-83.379288,2016-04-15,Spring,23,Fair
5207,UR-5,42.411266,-83.379288,2015-10-15,Fall,24,Fair
5208,UR-5,42.411266,-83.379288,2015-04-15,Spring,20,Fair
5252,Wall0,42.43673,-83.47369,2015-04-15,Spring,21,Fair
5253,Wall0,42.43673,-83.47369,2014-10-15,Fall,23,Fair
5257,Wall0,42.43673,-83.47369,2012-10-15,Fall,22,Fair
5258,Wall0,42.43673,-83.47369,2012-04-15,Spring,18,Poor
5259,Wall0,42.43673,-83.47369,2011-10-15,Fall,26,Fair
5263,Wall0,42.43673,-83.47369,2009-10-15,Fall,29,Fair
5264,Wall0,42.43673,-83.47369,2009-04-15,Spring,29,Fair
5266,Wall0,42.43673,-83.47369,2008-04-15,Spring,36,Good
5270,Wall0,42.43673,-83.47369,2006-04-15,Spring,22,Fair
5272,Wall0,42.43673,-83.47369,2005-04-15,Spring,26,Fair
5281,Wall1,42.44957,-83.46525,2022-10-15,Fall,30,Fair
5284,Wall1,42.44957,-83.46525,2021-04-15,Spring,8,Poor
5285,Wall1,42.44957,-83.46525,2020-10-15,Fall,22,Fair
5287,Wall1,42.44957,-83.46525,2019-10-15,Fall,25,Fair
5291,Wall1,42.44957,-83.46525,2017-10-15,Fall,14,Poor
5293,Wall1,42.44957,-83.46525,2016-10-15,Fall,14,Poor
5295,Wall1,42.44957,-83.46525,2015-10-15,Fall,26,Fair
5296,Wall1,42.44957,-83.46525,2015-04-15,Spring,26,Fair
5297,Wall1,42.44957,-83.46525,2014-10-15,Fall,15,Poor
5301,Wall1,42.44957,-83.46525,2012-10-15,Fall,30,Fair
5302,Wall1,42.44957,-83.46525,2012-04-15,Spring,30,Fair
5305,Wall1,42.44957,-83.46525,2010-10-15,Fall,24,Fair
5309,Wall1,42.44957,-83.46525,2008-10-15,Fall,19,Poor
5310,Wall1,42.44957,-83.46525,2008-04-15,Spring,31,Fair
5312,Wall1,42.44957,-83.46525,2007-04-15,Spring,24,Fair
5314,Wall1,42.44957,-83.46525,2006-04-15,Spring,31,Fair
5315,Wall1,42.44957,-83.46525,2005-10-15,Fall,33,Fair
5316,Wall1,42.44957,-83.46525,2005-04-15,Spring,12,Poor
5318,Wall1,42.44957,-83.46525,2004-04-15,Spring,30,Fair
5320,Wall1,42.44957,-83.46525,2003-04-15,Spring,20,Fair
5322,Wall1,42.44957,-83.46525,2002-04-15,Spring,17,Poor
5325,Wall2,42.46732,-83.46623,2022-10-15,Fall,32,Fair
5326,Wall2,42.46732,-83.46623,2022-04-15,Spring,30,Fair
5327,Wall2,42.46732,-83.46623,2021-10-15,Fall,28,Fair
5328,Wall2,42.46732,-83.46623,2021-04-15,Spring,22,Fair
5329,Wall2,42.46732,-83.46623,2020-10-15,Fall,33,Fair
5331,Wall2,42.46732,-83.46623,2019-10-15,Fall,22,Fair
5333,Wall2,42.46732,-83.46623,2018-10-15,Fall,10,Poor
5336,Wall2,42.46732,-83.46623,2017-04-15,Spring,10,Poor
5339,Wall2,42.46732,-83.46623,2015-10-15,Fall,44,Good
5340,Wall2,42.46732,-83.46623,2015-04-15,Spring,22,Fair
5344,Wall2,42.46732,-83.46623,2013-04-15,Spring,20,Fair
5345,Wall2,42.46732,-83.46623,2012-10-15,Fall,34,Good
5347,Wall2,42.46732,-83.46623,2011-10-15,Fall,40,Good
5348,Wall2,42.46732,-83.46623,2011-04-15,Spring,24,Fair
5350,Wall2,42.46732,-83.46623,2010-04-15,Spring,30,Fair
5351,Wall2,42.46732,-83.46623,2009-10-15,Fall,31,Fair
5354,Wall2,42.46732,-83.46623,2008-04-15,Spring,18,Poor
5355,Wall2,42.46732,-83.46623,2007-10-15,Fall,39,Good
5359,Wall2,42.46732,-83.46623,2005-10-15,Fall,20,Fair
5362,Wall2,42.46732,-83.46623,2004-04-15,Spring,18,Poor
5363,Wall2,42.46732,-83.46623,2003-10-15,Fall,27,Fair
5364,Wall2,42.46732,-83.46623,2003-04-15,Spring,20,Fair
5365,Wall2,42.46732,-83.46623,2002-10-15,Fall,18,Poor
5366,Wall2,42.46732,-83.46623,2002-04-15,Spring,17,Poor
5367,Wall2,42.46732,-83.46623,2001-10-15,Fall,25,Fair
5368,Wall2,42.46732,-83.46623,2001-04-15,Spring,15,Poor
5371,Wall3,42.49486,-83.49575,2021-10-15,Fall,27,Fair
5372,Wall3,42.49486,-83.49575,2021-04-15,Spring,17,Poor
5373,Wall3,42.49486,-83.49575,2020-10-15,Fall,34,Good
5377,Wall3,42.49486,-83.49575,2018-10-15,Fall,28,Fair
5380,Wall3,42.49486,-83.49575,2017-04-15,Spring,15,Poor
5384,Wall3,42.49486,-83.49575,2015-04-15,Spring,31,Fair
5385,Wall3,42.49486,-83.49575,2014-10-15,Fall,28,Fair
5388,Wall3,42.49486,-83.49575,2013-04-15,Spring,28,Fair
5389,Wall3,42.49486,-83.49575,2012-10-15,Fall,30,Fair
5391,Wall3,42.49486,-83.49575,2011-10-15,Fall,50,Excellent
5392,Wall3,42.49486,-83.49575,2011-04-15,Spring,28,Fair
5394,Wall3,42.49486,-83.49575,2010-04-15,Spring,24,Fair
5395,Wall3,42.49486,-83.49575,2009-10-15,Fall,30,Fair
5396,Wall3,42.49486,-83.49575,2009-04-15,Spring,28,Fair
5399,Wall3,42.49486,-83.49575,2007-10-15,Fall,27,Fair
5403,Wall3,42.49486,-83.49575,2005-10-15,Fall,33,Fair
5405,Wall3,42.49486,-83.49575,2004-10-15,Fall,26,Fair
5423,Wall4,42.43354,-83.48056,2017-10-15,Fall,12,Poor
5429,Wall4,42.43354,-83.48056,2014-10-15,Fall,32,Fair
5433,Wall4,42.43354,-83.48056,2012-10-15,Fall,31,Fair
5434,Wall4,42.43354,-83.48056,2012-04-15,Spring,13,Poor
5438,Wall4,42.43354,-83.48056,2010-04-15,Spring,19,Poor
5439,Wall4,42.43354,-83.48056,2009-10-15,Fall,41,Good
5440,Wall4,42.43354,-83.48056,2009-04-15,Spring,23,Fair
5441,Wall4,42.43354,-83.48056,2008-10-15,Fall,28,Fair
5442,Wall4,42.43354,-83.48056,2008-04-15,Spring,30,Fair
5443,Wall4,42.43354,-83.48056,2007-10-15,Fall,38,Good
5457,Will1,42.33002,-83.46422,2022-10-15,Fall,22,Fair
5471,Will1,42.33002,-83.46422,2015-10-15,Fall,31,Fair
5472,Will1,42.33002,-83.46422,2015-04-15,Spring,34,Good
5476,Will1,42.33002,-83.46422,2013-04-15,Spring,20,Fair
5477,Will1,42.33002,-83.46422,2012-10-15,Fall,28,Fair
5480,Will1,42.33002,-83.46422,2011-04-15,Spring,16,Poor
5484,Will1,42.33002,-83.46422,2009-04-15,Spring,35,Good
5485,Will1,42.33002,-83.46422,2008-10-15,Fall,35,Good
5489,Will1,42.33002,-83.46422,2006-10-15,Fall,28,Fair
5490,Will1,42.33002,-83.46422,2006-04-15,Spring,11,Poor
5491,Will1,42.33002,-83.46422,2005-10-15,Fall,30,Fair
5493,Will1,42.33002,-83.46422,2004-10-15,Fall,25,Fair
5494,Will1,42.33002,-83.46422,2004-04-15,Spring,17,Poor
5495,Will1,42.33002,-83.46422,2003-10-15,Fall,27,Fair
5496,Will1,42.33002,-83.46422,2003-04-15,Spring,25,Fair
5515,Will2,42.348115,-83.490179,2015-10-15,Fall,25,Fair
5559,Will3,42.32647,-83.453283,2015-10-15,Fall,22,Fair
