,FIELDID,Latitude,Longitude,Date,Season,SQI,SQI Rating
38,Bish1,42.482378,-83.460553,2004-04-15,Spring,15,Poor
40,Bish1,42.482378,-83.460553,2003-04-15,Spring,17,Poor
42,Bish1,42.482378,-83.460553,2002-04-15,Spring,21,Fair
44,Bish1,42.482378,-83.460553,2001-04-15,Spring,22,Fair
48,Bish2,42.47131,-83.45151,2021-04-15,Spring,28,Fair
56,Bish2,42.47131,-83.45151,2017-04-15,Spring,26,Fair
58,Bish2,42.47131,-83.45151,2016-04-15,Spring,32,Fair
62,Bish2,42.47131,-83.45151,2014-04-15,Spring,15,Poor
64,Bish2,42.47131,-83.45151,2013-04-15,Spring,21,Fair
66,Bish2,42.47131,-83.45151,2012-04-15,Spring,21,Fair
68,Bish2,42.47131,-83.45151,2011-04-15,Spring,18,Poor
70,Bish2,42.47131,-83.45151,2010-04-15,Spring,25,Fair
72,Bish2,42.47131,-83.45151,2009-04-15,Spring,16,Poor
74,Bish2,42.47131,-83.45151,2008-04-15,Spring,24,Fair
104,Evan1,42.504517,-83.2333884,2015-04-15,Spring,15,Poor
106,Evan1,42.504517,-83.2333884,2014-04-15,Spring,14,Poor
134,Evan2,42.472955,-83.247905,2022-04-15,Spring,16,Poor
136,Evan2,42.472955,-83.247905,2021-04-15,Spring,12,Poor
140,Evan2,42.472955,-83.247905,2019-04-15,Spring,18,Poor
146,Evan2,42.472955,-83.247905,2016-04-15,Spring,19,Poor
148,Evan2,42.472955,-83.247905,2015-04-15,Spring,14,Poor
180,Evan3,42.459278,-83.268639,2021-04-15,Spring,0,Poor
182,Evan3,42.459278,-83.268639,2020-04-15,Spring,0,Poor
184,Evan3,42.459278,-83.268639,2019-04-15,Spring,0,Poor
186,Evan3,42.459278,-83.268639,2018-04-15,Spring,0,Poor
188,Evan3,42.459278,-83.268639,2017-04-15,Spring,0,Poor
232,Fel1,42.35729,-83.53988,2017-04-15,Spring,27,Fair
234,Fel1,42.35729,-83.53988,2016-04-15,Spring,28,Fair
238,Fel1,42.35729,-83.53988,2014-04-15,Spring,37,Good
240,Fel1,42.35729,-83.53988,2013-04-15,Spring,33,Fair
242,Fel1,42.35729,-83.53988,2012-04-15,Spring,26,Fair
244,Fel1,42.35729,-83.53988,2011-04-15,Spring,22,Fair
252,Fel1,42.35729,-83.53988,2007-04-15,Spring,22,Fair
254,Fel1,42.35729,-83.53988,2006-04-15,Spring,36,Good
258,Fel1,42.35729,-83.53988,2004-04-15,Spring,38,Good
260,Fel1,42.35729,-83.53988,2003-04-15,Spring,24,Fair
262,Fel1,42.35729,-83.53988,2002-04-15,Spring,34,Good
264,Fel1,42.35729,-83.53988,2001-04-15,Spring,33,Fair
268,Fel2,42.31932,-83.5246,2021-04-15,Spring,39,Good
274,Fel2,42.31932,-83.5246,2018-04-15,Spring,26,Fair
276,Fel2,42.31932,-83.5246,2017-04-15,Spring,32,Fair
278,Fel2,42.31932,-83.5246,2016-04-15,Spring,37,Good
282,Fel2,42.31932,-83.5246,2014-04-15,Spring,20,Fair
284,Fel2,42.31932,-83.5246,2013-04-15,Spring,23,Fair
288,Fel2,42.31932,-83.5246,2011-04-15,Spring,33,Fair
290,Fel2,42.31932,-83.5246,2010-04-15,Spring,40,Good
294,Fel2,42.31932,-83.5246,2008-04-15,Spring,26,Fair
296,Fel2,42.31932,-83.5246,2007-04-15,Spring,31,Fair
298,Fel2,42.31932,-83.5246,2006-04-15,Spring,23,Fair
300,Fel2,42.31932,-83.5246,2005-04-15,Spring,27,Fair
302,Fel2,42.31932,-83.5246,2004-04-15,Spring,23,Fair
304,Fel2,42.31932,-83.5246,2003-04-15,Spring,22,Fair
306,Fel2,42.31932,-83.5246,2002-04-15,Spring,23,Fair
318,Fel4,42.31346,-83.46471,2018-04-15,Spring,28,Fair
324,Fel4,42.31346,-83.46471,2015-04-15,Spring,33,Fair
330,Fel4,42.31346,-83.46471,2012-04-15,Spring,20,Fair
332,Fel4,42.31346,-83.46471,2011-04-15,Spring,18,Poor
334,Fel4,42.31346,-83.46471,2010-04-15,Spring,25,Fair
338,Fel4,42.31346,-83.46471,2008-04-15,Spring,25,Fair
340,Fel4,42.31346,-83.46471,2007-04-15,Spring,24,Fair
342,Fel4,42.31346,-83.46471,2006-04-15,Spring,26,Fair
344,Fel4,42.31346,-83.46471,2005-04-15,Spring,12,Poor
364,Fel5,42.335263,-83.539831,2017-04-15,Spring,41,Good
368,Fel5,42.335263,-83.539831,2015-04-15,Spring,41,Good
406,Fel6,42.328188,-83.532192,2018-04-15,Spring,40,Good
408,Fel6,42.328188,-83.532192,2017-04-15,Spring,22,Fair
412,Fel6,42.328188,-83.532192,2015-04-15,Spring,25,Fair
442,Fowl1,42.30423,-83.60516,2022-04-15,Spring,39,Good
444,Fowl1,42.30423,-83.60516,2021-04-15,Spring,20,Fair
448,Fowl1,42.30423,-83.60516,2019-04-15,Spring,33,Fair
450,Fowl1,42.30423,-83.60516,2018-04-15,Spring,31,Fair
456,Fowl1,42.30423,-83.60516,2015-04-15,Spring,42,Good
458,Fowl1,42.30423,-83.60516,2014-04-15,Spring,34,Good
460,Fowl1,42.30423,-83.60516,2013-04-15,Spring,43,Good
464,Fowl1,42.30423,-83.60516,2011-04-15,Spring,37,Good
466,Fowl1,42.30423,-83.60516,2010-04-15,Spring,38,Good
472,Fowl1,42.30423,-83.60516,2007-04-15,Spring,49,Excellent
474,Fowl1,42.30423,-83.60516,2006-04-15,Spring,45,Good
476,Fowl1,42.30423,-83.60516,2005-04-15,Spring,23,Fair
478,Fowl1,42.30423,-83.60516,2004-04-15,Spring,29,Fair
480,Fowl1,42.30423,-83.60516,2003-04-15,Spring,35,Good
482,Fowl1,42.30423,-83.60516,2002-04-15,Spring,23,Fair
484,Fowl1,42.30423,-83.60516,2001-04-15,Spring,30,Fair
488,Fowl2,42.28226,-83.50515,2021-04-15,Spring,24,Fair
494,Fowl2,42.28226,-83.50515,2018-04-15,Spring,25,Fair
498,Fowl2,42.28226,-83.50515,2016-04-15,Spring,22,Fair
500,Fowl2,42.28226,-83.50515,2015-04-15,Spring,26,Fair
502,Fowl2,42.28226,-83.50515,2014-04-15,Spring,21,Fair
504,Fowl2,42.28226,-83.50515,2013-04-15,Spring,28,Fair
510,Fowl2,42.28226,-83.50515,2010-04-15,Spring,41,Good
514,Fowl2,42.28226,-83.50515,2008-04-15,Spring,33,Fair
516,Fowl2,42.28226,-83.50515,2007-04-15,Spring,46,Good
518,Fowl2,42.28226,-83.50515,2006-04-15,Spring,28,Fair
520,Fowl2,42.28226,-83.50515,2005-04-15,Spring,20,Fair
538,Frank1,42.53024,-83.30585,2018-04-15,Spring,13,Poor
542,Frank1,42.53024,-83.30585,2016-04-15,Spring,24,Fair
546,Frank1,42.53024,-83.30585,2014-04-15,Spring,16,Poor
550,Frank1,42.53024,-83.30585,2012-04-15,Spring,33,Fair
554,Frank1,42.53024,-83.30585,2010-04-15,Spring,24,Fair
556,Frank1,42.53024,-83.30585,2009-04-15,Spring,17,Poor
560,Frank1,42.53024,-83.30585,2007-04-15,Spring,39,Good
564,Frank1,42.53024,-83.30585,2005-04-15,Spring,17,Poor
566,Frank1,42.53024,-83.30585,2004-04-15,Spring,18,Poor
568,Frank1,42.53024,-83.30585,2003-04-15,Spring,25,Fair
572,Frank1,42.53024,-83.30585,2001-04-15,Spring,28,Fair
580,Frank2,42.529325,-83.325381,2019-04-15,Spring,13,Poor
582,Frank2,42.529325,-83.325381,2018-04-15,Spring,13,Poor
586,Frank2,42.529325,-83.325381,2016-04-15,Spring,15,Poor
590,Frank2,42.529325,-83.325381,2014-04-15,Spring,27,Fair
594,Frank2,42.529325,-83.325381,2012-04-15,Spring,24,Fair
598,Frank2,42.529325,-83.325381,2010-04-15,Spring,25,Fair
600,Frank2,42.529325,-83.325381,2009-04-15,Spring,28,Fair
618,Ing1,42.46293,-83.44552,2022-04-15,Spring,20,Fair
620,Ing1,42.46293,-83.44552,2021-04-15,Spring,24,Fair
628,Ing1,42.46293,-83.44552,2017-04-15,Spring,31,Fair
630,Ing1,42.46293,-83.44552,2016-04-15,Spring,30,Fair
634,Ing1,42.46293,-83.44552,2014-04-15,Spring,22,Fair
636,Ing1,42.46293,-83.44552,2013-04-15,Spring,18,Poor
640,Ing1,42.46293,-83.44552,2011-04-15,Spring,25,Fair
646,Ing1,42.46293,-83.44552,2008-04-15,Spring,24,Fair
648,Ing1,42.46293,-83.44552,2007-04-15,Spring,26,Fair
650,Ing1,42.46293,-83.44552,2006-04-15,Spring,18,Poor
652,Ing1,42.46293,-83.44552,2005-04-15,Spring,18,Poor
654,Ing1,42.46293,-83.44552,2004-04-15,Spring,36,Good
662,John1,42.3897,-83.58194,2022-04-15,Spring,46,Good
664,John1,42.3897,-83.58194,2021-04-15,Spring,44,Good
668,John1,42.3897,-83.58194,2019-04-15,Spring,42,Good
672,John1,42.3897,-83.58194,2017-04-15,Spring,43,Good
676,John1,42.3897,-83.58194,2015-04-15,Spring,52,Excellent
680,John1,42.3897,-83.58194,2013-04-15,Spring,48,Good
686,John1,42.3897,-83.58194,2010-04-15,Spring,42,Good
692,John1,42.3897,-83.58194,2007-04-15,Spring,44,Good
694,John1,42.3897,-83.58194,2006-04-15,Spring,55,Excellent
696,John1,42.3897,-83.58194,2005-04-15,Spring,46,Good
698,John1,42.3897,-83.58194,2004-04-15,Spring,37,Good
700,John1,42.3897,-83.58194,2003-04-15,Spring,42,Good
702,John1,42.3897,-83.58194,2002-04-15,Spring,48,Good
704,John1,42.3897,-83.58194,2001-04-15,Spring,38,Good
706,John2,42.3938201,-83.5342002,2022-04-15,Spring,40,Good
716,John2,42.3938201,-83.5342002,2017-04-15,Spring,33,Fair
718,John2,42.3938201,-83.5342002,2016-04-15,Spring,60,Excellent
720,John2,42.3938201,-83.5342002,2015-04-15,Spring,46,Good
724,John2,42.3938201,-83.5342002,2013-04-15,Spring,57,Excellent
726,John2,42.3938201,-83.5342002,2012-04-15,Spring,58,Excellent
728,John2,42.3938201,-83.5342002,2011-04-15,Spring,45,Good
736,John2,42.3938201,-83.5342002,2007-04-15,Spring,49,Excellent
738,John2,42.3938201,-83.5342002,2006-04-15,Spring,53,Excellent
740,John2,42.3938201,-83.5342002,2005-04-15,Spring,42,Good
742,John2,42.3938201,-83.5342002,2004-04-15,Spring,44,Good
744,John2,42.3938201,-83.5342002,2003-04-15,Spring,38,Good
746,John2,42.3938201,-83.5342002,2002-04-15,Spring,32,Fair
748,John2,42.3938201,-83.5342002,2001-04-15,Spring,39,Good
750,John3,42.40844,-83.51693,2022-04-15,Spring,41,Good
752,John3,42.40844,-83.51693,2021-04-15,Spring,36,Good
760,John3,42.40844,-83.51693,2017-04-15,Spring,31,Fair
762,John3,42.40844,-83.51693,2016-04-15,Spring,27,Fair
766,John3,42.40844,-83.51693,2014-04-15,Spring,49,Excellent
768,John3,42.40844,-83.51693,2013-04-15,Spring,52,Excellent
778,John3,42.40844,-83.51693,2008-04-15,Spring,39,Good
782,John3,42.40844,-83.51693,2006-04-15,Spring,37,Good
784,John3,42.40844,-83.51693,2005-04-15,Spring,33,Fair
786,John3,42.40844,-83.51693,2004-04-15,Spring,30,Fair
788,John3,42.40844,-83.51693,2003-04-15,Spring,35,Good
790,John3,42.40844,-83.51693,2002-04-15,Spring,43,Good
792,John3,42.40844,-83.51693,2001-04-15,Spring,32,Fair
802,John5,42.4224,-83.49289,2018-04-15,Spring,40,Good
808,John5,42.4224,-83.49289,2015-04-15,Spring,34,Good
810,John5,42.4224,-83.49289,2014-04-15,Spring,38,Good
814,John5,42.4224,-83.49289,2012-04-15,Spring,28,Fair
820,John5,42.4224,-83.49289,2009-04-15,Spring,46,Good
826,John5,42.4224,-83.49289,2006-04-15,Spring,21,Fair
828,John5,42.4224,-83.49289,2005-04-15,Spring,26,Fair
830,John5,42.4224,-83.49289,2004-04-15,Spring,23,Fair
832,John5,42.4224,-83.49289,2003-04-15,Spring,26,Fair
834,John5,42.4224,-83.49289,2002-04-15,Spring,17,Poor
836,John5,42.4224,-83.49289,2001-04-15,Spring,26,Fair
846,John6,42.42546,-83.48138,2018-04-15,Spring,41,Good
850,John6,42.42546,-83.48138,2016-04-15,Spring,44,Good
852,John6,42.42546,-83.48138,2015-04-15,Spring,26,Fair
854,John6,42.42546,-83.48138,2014-04-15,Spring,45,Good
858,John6,42.42546,-83.48138,2012-04-15,Spring,35,Good
862,John6,42.42546,-83.48138,2010-04-15,Spring,43,Good
866,John6,42.42546,-83.48138,2008-04-15,Spring,15,Poor
870,John6,42.42546,-83.48138,2006-04-15,Spring,20,Fair
872,John6,42.42546,-83.48138,2005-04-15,Spring,10,Poor
892,John7,42.3985716,-83.5279588,2017-04-15,Spring,22,Fair
896,John7,42.3985716,-83.5279588,2015-04-15,Spring,45,Good
898,John7,42.3985716,-83.5279588,2014-04-15,Spring,30,Fair
900,John7,42.3985716,-83.5279588,2013-04-15,Spring,39,Good
904,John7,42.3985716,-83.5279588,2011-04-15,Spring,35,Good
908,John7,42.3985716,-83.5279588,2009-04-15,Spring,38,Good
910,John7,42.3985716,-83.5279588,2008-04-15,Spring,46,Good
912,John7,42.3985716,-83.5279588,2007-04-15,Spring,36,Good
926,John8,42.42148,-83.54396,2022-04-15,Spring,46,Good
928,John8,42.42148,-83.54396,2021-04-15,Spring,52,Excellent
936,John8,42.42148,-83.54396,2017-04-15,Spring,46,Good
940,John8,42.42148,-83.54396,2015-04-15,Spring,36,Good
944,John8,42.42148,-83.54396,2013-04-15,Spring,48,Good
946,John8,42.42148,-83.54396,2012-04-15,Spring,47,Good
948,John8,42.42148,-83.54396,2011-04-15,Spring,54,Excellent
950,John8,42.42148,-83.54396,2010-04-15,Spring,62,Excellent
978,Low12,42.2838277,-83.474042,2018-04-15,Spring,22,Fair
980,Low12,42.2838277,-83.474042,2017-04-15,Spring,36,Good
1014,Low2,42.30724,-83.53793,2022-04-15,Spring,17,Poor
1016,Low2,42.30724,-83.53793,2021-04-15,Spring,42,Good
1022,Low2,42.30724,-83.53793,2018-04-15,Spring,34,Good
1024,Low2,42.30724,-83.53793,2017-04-15,Spring,27,Fair
1028,Low2,42.30724,-83.53793,2015-04-15,Spring,32,Fair
1030,Low2,42.30724,-83.53793,2014-04-15,Spring,22,Fair
1032,Low2,42.30724,-83.53793,2013-04-15,Spring,24,Fair
1036,Low2,42.30724,-83.53793,2011-04-15,Spring,28,Fair
1042,Low2,42.30724,-83.53793,2008-04-15,Spring,44,Good
1044,Low2,42.30724,-83.53793,2007-04-15,Spring,30,Fair
1046,Low2,42.30724,-83.53793,2006-04-15,Spring,37,Good
1048,Low2,42.30724,-83.53793,2005-04-15,Spring,24,Fair
1050,Low2,42.30724,-83.53793,2004-04-15,Spring,30,Fair
1052,Low2,42.30724,-83.53793,2003-04-15,Spring,18,Poor
1070,Low3,42.3227,-83.565967,2016-04-15,Spring,43,Good
1072,Low3,42.3227,-83.565967,2015-04-15,Spring,33,Fair
1074,Low3,42.3227,-83.565967,2014-04-15,Spring,32,Fair
1110,Low4,42.2866039,-83.4756605,2018-04-15,Spring,19,Poor
1116,Low4,42.2866039,-83.4756605,2015-04-15,Spring,21,Fair
1118,Low4,42.2866039,-83.4756605,2014-04-15,Spring,26,Fair
1160,Low5,42.282389,-83.437141,2015-04-15,Spring,30,Fair
1240,LR-1,42.280425,-83.42027,2019-04-15,Spring,27,Fair
1242,LR-1,42.280425,-83.42027,2018-04-15,Spring,29,Fair
1248,LR-1,42.280425,-83.42027,2015-04-15,Spring,30,Fair
1250,LR-1,42.280425,-83.42027,2014-04-15,Spring,39,Good
1252,LR-1,42.280425,-83.42027,2013-04-15,Spring,35,Good
1260,LR-1,42.280425,-83.42027,2009-04-15,Spring,29,Fair
1262,LR-1,42.280425,-83.42027,2008-04-15,Spring,26,Fair
1264,LR-1,42.280425,-83.42027,2007-04-15,Spring,34,Good
1266,LR-1,42.280425,-83.42027,2006-04-15,Spring,25,Fair
1268,LR-1,42.280425,-83.42027,2005-04-15,Spring,20,Fair
1284,LR-10,42.298506,-83.305839,2019-04-15,Spring,22,Fair
1286,LR-10,42.298506,-83.305839,2018-04-15,Spring,22,Fair
1290,LR-10,42.298506,-83.305839,2016-04-15,Spring,30,Fair
1292,LR-10,42.298506,-83.305839,2015-04-15,Spring,28,Fair
1294,LR-10,42.298506,-83.305839,2014-04-15,Spring,25,Fair
1296,LR-10,42.298506,-83.305839,2013-04-15,Spring,26,Fair
1298,LR-10,42.298506,-83.305839,2012-04-15,Spring,28,Fair
1300,LR-10,42.298506,-83.305839,2011-04-15,Spring,24,Fair
1334,LR-11,42.309888,-83.24854,2016-04-15,Spring,19,Poor
1374,LR-11A,42.3125679,-83.2415233,2018-04-15,Spring,20,Fair
1376,LR-11A,42.3125679,-83.2415233,2017-04-15,Spring,14,Poor
1378,LR-11A,42.3125679,-83.2415233,2016-04-15,Spring,23,Fair
1380,LR-11A,42.3125679,-83.2415233,2015-04-15,Spring,26,Fair
1382,LR-11A,42.3125679,-83.2415233,2014-04-15,Spring,18,Poor
1384,LR-11A,42.3125679,-83.2415233,2013-04-15,Spring,12,Poor
1386,LR-11A,42.3125679,-83.2415233,2012-04-15,Spring,22,Fair
1388,LR-11A,42.3125679,-83.2415233,2011-04-15,Spring,25,Fair
1412,LR-12,42.282317,-83.466103,2021-04-15,Spring,43,Good
1416,LR-12,42.282317,-83.466103,2019-04-15,Spring,26,Fair
1418,LR-12,42.282317,-83.466103,2018-04-15,Spring,15,Poor
1422,LR-12,42.282317,-83.466103,2016-04-15,Spring,30,Fair
1424,LR-12,42.282317,-83.466103,2015-04-15,Spring,36,Good
1426,LR-12,42.282317,-83.466103,2014-04-15,Spring,34,Good
1428,LR-12,42.282317,-83.466103,2013-04-15,Spring,35,Good
1430,LR-12,42.282317,-83.466103,2012-04-15,Spring,37,Good
1466,LR-2,42.281962,-83.503009,2016-04-15,Spring,29,Fair
1468,LR-2,42.281962,-83.503009,2015-04-15,Spring,35,Good
1470,LR-2,42.281962,-83.503009,2014-04-15,Spring,24,Fair
1482,LR-2,42.281962,-83.503009,2008-04-15,Spring,43,Good
1484,LR-2,42.281962,-83.503009,2007-04-15,Spring,18,Poor
1486,LR-2,42.281962,-83.503009,2006-04-15,Spring,37,Good
1514,LR-3,42.284848,-83.381855,2014-04-15,Spring,19,Poor
1516,LR-3,42.284848,-83.381855,2013-04-15,Spring,28,Fair
1518,LR-3,42.284848,-83.381855,2012-04-15,Spring,16,Poor
1520,LR-3,42.284848,-83.381855,2011-04-15,Spring,28,Fair
1526,LR-3,42.284848,-83.381855,2008-04-15,Spring,36,Good
1528,LR-3,42.284848,-83.381855,2007-04-15,Spring,20,Fair
1530,LR-3,42.284848,-83.381855,2006-04-15,Spring,22,Fair
1532,LR-3,42.284848,-83.381855,2005-04-15,Spring,26,Fair
1552,LR-4,42.288775,-83.3486,2017-04-15,Spring,26,Fair
1570,LR-4,42.288775,-83.3486,2008-04-15,Spring,26,Fair
1572,LR-4,42.288775,-83.3486,2007-04-15,Spring,18,Poor
1574,LR-4,42.288775,-83.3486,2006-04-15,Spring,15,Poor
1576,LR-4,42.288775,-83.3486,2005-04-15,Spring,25,Fair
1598,LR-5,42.300561,-83.4374797,2016-04-15,Spring,20,Fair
1600,LR-5,42.300561,-83.4374797,2015-04-15,Spring,18,Poor
1608,LR-5,42.300561,-83.4374797,2011-04-15,Spring,15,Poor
1610,LR-5,42.300561,-83.4374797,2010-04-15,Spring,27,Fair
1612,LR-5,42.300561,-83.4374797,2009-04-15,Spring,36,Good
1614,LR-5,42.300561,-83.4374797,2008-04-15,Spring,27,Fair
1616,LR-5,42.300561,-83.4374797,2007-04-15,Spring,39,Good
1638,LR-6,42.285,-83.383888,2018-04-15,Spring,17,Poor
1640,LR-6,42.285,-83.383888,2017-04-15,Spring,24,Fair
1642,LR-6,42.285,-83.383888,2016-04-15,Spring,38,Good
1644,LR-6,42.285,-83.383888,2015-04-15,Spring,32,Fair
1646,LR-6,42.285,-83.383888,2014-04-15,Spring,22,Fair
1648,LR-6,42.285,-83.383888,2013-04-15,Spring,23,Fair
1650,LR-6,42.285,-83.383888,2012-04-15,Spring,26,Fair
1652,LR-6,42.285,-83.383888,2011-04-15,Spring,19,Poor
1656,LR-6,42.285,-83.383888,2009-04-15,Spring,36,Good
1658,LR-6,42.285,-83.383888,2008-04-15,Spring,26,Fair
1660,LR-6,42.285,-83.383888,2007-04-15,Spring,28,Fair
1684,LR-7,42.2484,-83.4248,2017-04-15,Spring,34,Good
1686,LR-7,42.2484,-83.4248,2016-04-15,Spring,31,Fair
1696,LR-7,42.2484,-83.4248,2011-04-15,Spring,30,Fair
1698,LR-7,42.2484,-83.4248,2010-04-15,Spring,35,Good
1700,LR-7,42.2484,-83.4248,2009-04-15,Spring,33,Fair
1702,LR-7,42.2484,-83.4248,2008-04-15,Spring,38,Good
1726,LR-8,42.295976,-83.541846,2018-04-15,Spring,44,Good
1728,LR-8,42.295976,-83.541846,2017-04-15,Spring,37,Good
1730,LR-8,42.295976,-83.541846,2016-04-15,Spring,26,Fair
1734,LR-8,42.295976,-83.541846,2014-04-15,Spring,36,Good
1740,LR-8,42.295976,-83.541846,2011-04-15,Spring,36,Good
1742,LR-8,42.295976,-83.541846,2010-04-15,Spring,40,Good
1744,LR-8,42.295976,-83.541846,2009-04-15,Spring,31,Fair
1772,LR-9,42.3370903,-83.5085406,2017-04-15,Spring,30,Fair
1782,LR-9,42.3370903,-83.5085406,2012-04-15,Spring,33,Fair
1786,LR-9,42.3370903,-83.5085406,2010-04-15,Spring,53,Excellent
1788,LR-9,42.3370903,-83.5085406,2009-04-15,Spring,34,Good
1806,Bell1,42.42924,-83.39666,2022-04-15,Spring,22,Fair
1808,Bell1,42.42924,-83.39666,2021-04-15,Spring,27,Fair
1814,Bell1,42.42924,-83.39666,2018-04-15,Spring,23,Fair
1816,Bell1,42.42924,-83.39666,2017-04-15,Spring,24,Fair
1818,Bell1,42.42924,-83.39666,2016-04-15,Spring,9,Poor
1822,Bell1,42.42924,-83.39666,2014-04-15,Spring,15,Poor
1826,Bell1,42.42924,-83.39666,2012-04-15,Spring,27,Fair
1828,Bell1,42.42924,-83.39666,2011-04-15,Spring,24,Fair
1830,Bell1,42.42924,-83.39666,2010-04-15,Spring,28,Fair
1832,Bell1,42.42924,-83.39666,2009-04-15,Spring,27,Fair
1834,Bell1,42.42924,-83.39666,2008-04-15,Spring,19,Poor
1838,Bell1,42.42924,-83.39666,2006-04-15,Spring,26,Fair
1842,Bell1,42.42924,-83.39666,2004-04-15,Spring,21,Fair
1844,Bell1,42.42924,-83.39666,2003-04-15,Spring,18,Poor
1850,Bell2,42.4151185,-83.429007,2022-04-15,Spring,13,Poor
1852,Bell2,42.4151185,-83.429007,2021-04-15,Spring,30,Fair
1858,Bell2,42.4151185,-83.429007,2018-04-15,Spring,20,Fair
1860,Bell2,42.4151185,-83.429007,2017-04-15,Spring,21,Fair
1862,Bell2,42.4151185,-83.429007,2016-04-15,Spring,18,Poor
1864,Bell2,42.4151185,-83.429007,2015-04-15,Spring,30,Fair
1866,Bell2,42.4151185,-83.429007,2014-04-15,Spring,20,Fair
1868,Bell2,42.4151185,-83.429007,2013-04-15,Spring,34,Good
1874,Bell2,42.4151185,-83.429007,2010-04-15,Spring,34,Good
1876,Bell2,42.4151185,-83.429007,2009-04-15,Spring,30,Fair
1886,Bell2,42.4151185,-83.429007,2004-04-15,Spring,27,Fair
1894,Bell3,42.41015,-83.39285,2022-04-15,Spring,11,Poor
1896,Bell3,42.41015,-83.39285,2021-04-15,Spring,29,Fair
1902,Bell3,42.41015,-83.39285,2018-04-15,Spring,21,Fair
1906,Bell3,42.41015,-83.39285,2016-04-15,Spring,17,Poor
1910,Bell3,42.41015,-83.39285,2014-04-15,Spring,33,Fair
1912,Bell3,42.41015,-83.39285,2013-04-15,Spring,30,Fair
1918,Bell3,42.41015,-83.39285,2010-04-15,Spring,32,Fair
1922,Bell3,42.41015,-83.39285,2008-04-15,Spring,14,Poor
1926,Bell3,42.41015,-83.39285,2006-04-15,Spring,16,Poor
1930,Bell3,42.41015,-83.39285,2004-04-15,Spring,24,Fair
1938,Main1,42.60991,-83.17984,2022-04-15,Spring,32,Fair
1940,Main1,42.60991,-83.17984,2021-04-15,Spring,36,Good
1950,Main1,42.60991,-83.17984,2016-04-15,Spring,30,Fair
1956,Main1,42.60991,-83.17984,2013-04-15,Spring,26,Fair
1958,Main1,42.60991,-83.17984,2012-04-15,Spring,29,Fair
1960,Main1,42.60991,-83.17984,2011-04-15,Spring,26,Fair
1966,Main1,42.60991,-83.17984,2008-04-15,Spring,19,Poor
1970,Main1,42.60991,-83.17984,2006-04-15,Spring,40,Good
1972,Main1,42.60991,-83.17984,2005-04-15,Spring,17,Poor
1974,Main1,42.60991,-83.17984,2004-04-15,Spring,30,Fair
1976,Main1,42.60991,-83.17984,2003-04-15,Spring,28,Fair
1978,Main1,42.60991,-83.17984,2002-04-15,Spring,20,Fair
2036,Main11,42.554445,-83.226312,2017-04-15,Spring,32,Fair
2038,Main11,42.554445,-83.226312,2016-04-15,Spring,27,Fair
2040,Main11,42.554445,-83.226312,2015-04-15,Spring,36,Good
2080,Main3,42.5487974,-83.2177051,2017-04-15,Spring,30,Fair
2084,Main3,42.5487974,-83.2177051,2015-04-15,Spring,30,Fair
2088,Main3,42.5487974,-83.2177051,2013-04-15,Spring,31,Fair
2090,Main3,42.5487974,-83.2177051,2012-04-15,Spring,31,Fair
2094,Main3,42.5487974,-83.2177051,2010-04-15,Spring,37,Good
2096,Main3,42.5487974,-83.2177051,2009-04-15,Spring,27,Fair
2098,Main3,42.5487974,-83.2177051,2008-04-15,Spring,30,Fair
2108,Main3,42.5487974,-83.2177051,2003-04-15,Spring,24,Fair
2110,Main3,42.5487974,-83.2177051,2002-04-15,Spring,28,Fair
2128,Main4,42.5424121,-83.2251341,2015-04-15,Spring,23,Fair
2130,Main4,42.5424121,-83.2251341,2014-04-15,Spring,23,Fair
2134,Main4,42.5424121,-83.2251341,2012-04-15,Spring,34,Good
2138,Main4,42.5424121,-83.2251341,2010-04-15,Spring,34,Good
2144,Main4,42.5424121,-83.2251341,2007-04-15,Spring,30,Fair
2146,Main4,42.5424121,-83.2251341,2006-04-15,Spring,28,Fair
2150,Main4,42.5424121,-83.2251341,2004-04-15,Spring,23,Fair
2152,Main4,42.5424121,-83.2251341,2003-04-15,Spring,25,Fair
2154,Main4,42.5424121,-83.2251341,2002-04-15,Spring,23,Fair
2156,Main4,42.5424121,-83.2251341,2001-04-15,Spring,24,Fair
2166,Main4.5,42.53718,-83.22861,2018-04-15,Spring,34,Good
2174,Main4.5,42.53718,-83.22861,2014-04-15,Spring,19,Poor
2178,Main4.5,42.53718,-83.22861,2012-04-15,Spring,18,Poor
2182,Main4.5,42.53718,-83.22861,2010-04-15,Spring,33,Fair
2188,Main4.5,42.53718,-83.22861,2007-04-15,Spring,27,Fair
2190,Main4.5,42.53718,-83.22861,2006-04-15,Spring,32,Fair
2192,Main4.5,42.53718,-83.22861,2005-04-15,Spring,20,Fair
2202,Main5,42.52219,-83.24692,2022-04-15,Spring,40,Good
2204,Main5,42.52219,-83.24692,2021-04-15,Spring,29,Fair
2208,Main5,42.52219,-83.24692,2019-04-15,Spring,29,Fair
2210,Main5,42.52219,-83.24692,2018-04-15,Spring,20,Fair
2218,Main5,42.52219,-83.24692,2014-04-15,Spring,24,Fair
2220,Main5,42.52219,-83.24692,2013-04-15,Spring,30,Fair
2224,Main5,42.52219,-83.24692,2011-04-15,Spring,33,Fair
2228,Main5,42.52219,-83.24692,2009-04-15,Spring,26,Fair
2234,Main5,42.52219,-83.24692,2006-04-15,Spring,23,Fair
2236,Main5,42.52219,-83.24692,2005-04-15,Spring,21,Fair
2238,Main5,42.52219,-83.24692,2004-04-15,Spring,20,Fair
2246,Main6,42.47882,-83.284548,2022-04-15,Spring,26,Fair
2248,Main6,42.47882,-83.284548,2021-04-15,Spring,18,Poor
2254,Main6,42.47882,-83.284548,2018-04-15,Spring,20,Fair
2258,Main6,42.47882,-83.284548,2016-04-15,Spring,30,Fair
2262,Main6,42.47882,-83.284548,2014-04-15,Spring,18,Poor
2264,Main6,42.47882,-83.284548,2013-04-15,Spring,28,Fair
2266,Main6,42.47882,-83.284548,2012-04-15,Spring,40,Good
2268,Main6,42.47882,-83.284548,2011-04-15,Spring,29,Fair
2274,Main6,42.47882,-83.284548,2008-04-15,Spring,18,Poor
2276,Main6,42.47882,-83.284548,2007-04-15,Spring,19,Poor
2278,Main6,42.47882,-83.284548,2006-04-15,Spring,17,Poor
2282,Main6,42.47882,-83.284548,2004-04-15,Spring,25,Fair
2284,Main6,42.47882,-83.284548,2003-04-15,Spring,10,Poor
2288,Main6,42.47882,-83.284548,2001-04-15,Spring,21,Fair
2304,Main7,42.472849,-83.289147,2015-04-15,Spring,32,Fair
2306,Main7,42.472849,-83.289147,2014-04-15,Spring,29,Fair
2308,Main7,42.472849,-83.289147,2013-04-15,Spring,44,Good
2310,Main7,42.472849,-83.289147,2012-04-15,Spring,32,Fair
2312,Main7,42.472849,-83.289147,2011-04-15,Spring,24,Fair
2348,Main8,42.29352,-83.14873,2015-04-15,Spring,20,Fair
2350,Main8,42.29352,-83.14873,2014-04-15,Spring,24,Fair
2352,Main8,42.29352,-83.14873,2013-04-15,Spring,22,Fair
2354,Main8,42.29352,-83.14873,2012-04-15,Spring,23,Fair
2356,Main8,42.29352,-83.14873,2011-04-15,Spring,21,Fair
2380,Mid1,42.42177,-83.47546,2021-04-15,Spring,33,Fair
2392,Mid1,42.42177,-83.47546,2015-04-15,Spring,19,Poor
2398,Mid1,42.42177,-83.47546,2012-04-15,Spring,41,Good
2406,Mid1,42.42177,-83.47546,2008-04-15,Spring,20,Fair
2408,Mid1,42.42177,-83.47546,2007-04-15,Spring,35,Good
2410,Mid1,42.42177,-83.47546,2006-04-15,Spring,19,Poor
2412,Mid1,42.42177,-83.47546,2005-04-15,Spring,27,Fair
2414,Mid1,42.42177,-83.47546,2004-04-15,Spring,19,Poor
2436,Mid3,42.36656,-83.41015,2015-04-15,Spring,37,Good
2478,Mid5,42.339356,-83.264421,2016-04-15,Spring,26,Fair
2514,Mid6,42.346715,-83.280264,2020-04-15,Spring,15,Poor
2562,Min1,42.51274,-83.38905,2018-04-15,Spring,14,Poor
2564,Min1,42.51274,-83.38905,2017-04-15,Spring,33,Fair
2566,Min1,42.51274,-83.38905,2016-04-15,Spring,29,Fair
2572,Min1,42.51274,-83.38905,2013-04-15,Spring,20,Fair
2576,Min1,42.51274,-83.38905,2011-04-15,Spring,26,Fair
2584,Min1,42.51274,-83.38905,2007-04-15,Spring,28,Fair
2586,Min1,42.51274,-83.38905,2006-04-15,Spring,45,Good
2588,Min1,42.51274,-83.38905,2005-04-15,Spring,22,Fair
2590,Min1,42.51274,-83.38905,2004-04-15,Spring,46,Good
2592,Min1,42.51274,-83.38905,2003-04-15,Spring,32,Fair
2606,Min2,42.493065,-83.37734,2018-04-15,Spring,13,Poor
2612,Min2,42.493065,-83.37734,2015-04-15,Spring,30,Fair
2614,Min2,42.493065,-83.37734,2014-04-15,Spring,16,Poor
2618,Min2,42.493065,-83.37734,2012-04-15,Spring,36,Good
2620,Min2,42.493065,-83.37734,2011-04-15,Spring,34,Good
2622,Min2,42.493065,-83.37734,2010-04-15,Spring,23,Fair
2624,Min2,42.493065,-83.37734,2009-04-15,Spring,38,Good
2648,Min3,42.500565,-83.37127,2019-04-15,Spring,18,Poor
2654,Min3,42.500565,-83.37127,2016-04-15,Spring,23,Fair
2656,Min3,42.500565,-83.37127,2015-04-15,Spring,18,Poor
2658,Min3,42.500565,-83.37127,2014-04-15,Spring,25,Fair
2662,Min3,42.500565,-83.37127,2012-04-15,Spring,14,Poor
2666,Min3,42.500565,-83.37127,2010-04-15,Spring,25,Fair
2668,Min3,42.500565,-83.37127,2009-04-15,Spring,32,Fair
2686,Min4,42.526938,-83.421444,2022-04-15,Spring,15,Poor
2696,Min4,42.526938,-83.421444,2017-04-15,Spring,25,Fair
2746,MN-1,42.438056,-83.274722,2014-04-15,Spring,30,Fair
2748,MN-1,42.438056,-83.274722,2013-04-15,Spring,25,Fair
2750,MN-1,42.438056,-83.274722,2012-04-15,Spring,33,Fair
2754,MN-1,42.438056,-83.274722,2010-04-15,Spring,29,Fair
2756,MN-1,42.438056,-83.274722,2009-04-15,Spring,26,Fair
2784,MN-2,42.399722,-83.271389,2017-04-15,Spring,28,Fair
2788,MN-2,42.399722,-83.271389,2015-04-15,Spring,25,Fair
2790,MN-2,42.399722,-83.271389,2014-04-15,Spring,22,Fair
2792,MN-2,42.399722,-83.271389,2013-04-15,Spring,24,Fair
2794,MN-2,42.399722,-83.271389,2012-04-15,Spring,27,Fair
2798,MN-2,42.399722,-83.271389,2010-04-15,Spring,19,Poor
2800,MN-2,42.399722,-83.271389,2009-04-15,Spring,26,Fair
2878,MN-4,42.3378683,-83.2496084,2014-04-15,Spring,24,Fair
2880,MN-4,42.3378683,-83.2496084,2013-04-15,Spring,24,Fair
2882,MN-4,42.3378683,-83.2496084,2012-04-15,Spring,22,Fair
2884,MN-4,42.3378683,-83.2496084,2011-04-15,Spring,32,Fair
2912,MN-5,42.443614,-83.284906,2019-04-15,Spring,39,Good
2914,MN-5,42.443614,-83.284906,2018-04-15,Spring,42,Good
2916,MN-5,42.443614,-83.284906,2017-04-15,Spring,41,Good
2918,MN-5,42.443614,-83.284906,2016-04-15,Spring,36,Good
3004,MN-7,42.348736,-83.24721,2017-04-15,Spring,24,Fair
3050,MR-1,42.42487,-83.47712,2016-04-15,Spring,39,Good
3054,MR-1,42.42487,-83.47712,2014-04-15,Spring,43,Good
3064,MR-1,42.42487,-83.47712,2009-04-15,Spring,42,Good
3066,MR-1,42.42487,-83.47712,2008-04-15,Spring,49,Excellent
3068,MR-1,42.42487,-83.47712,2007-04-15,Spring,42,Good
3070,MR-1,42.42487,-83.47712,2006-04-15,Spring,32,Fair
3072,MR-1,42.42487,-83.47712,2005-04-15,Spring,17,Poor
3096,MR-10,42.347097,-83.27895,2015-04-15,Spring,23,Fair
3106,MR-10,42.347097,-83.27895,2010-04-15,Spring,23,Fair
3112,MR-10,42.347097,-83.27895,2007-04-15,Spring,23,Fair
3114,MR-10,42.347097,-83.27895,2006-04-15,Spring,6,Poor
3116,MR-10,42.347097,-83.27895,2005-04-15,Spring,24,Fair
3136,MR-11,42.34516,-83.3629,2017-04-15,Spring,21,Fair
3152,MR-11,42.34516,-83.3629,2009-04-15,Spring,16,Poor
3154,MR-11,42.34516,-83.3629,2008-04-15,Spring,25,Fair
3156,MR-11,42.34516,-83.3629,2007-04-15,Spring,4,Poor
3158,MR-11,42.34516,-83.3629,2006-04-15,Spring,8,Poor
3196,MR-12,42.33975,-83.34093,2009-04-15,Spring,21,Fair
3198,MR-12,42.33975,-83.34093,2008-04-15,Spring,22,Fair
3200,MR-12,42.33975,-83.34093,2007-04-15,Spring,12,Poor
3202,MR-12,42.33975,-83.34093,2006-04-15,Spring,5,Poor
3220,MR-13,42.34432,-83.26865,2019-04-15,Spring,24,Fair
3222,MR-13,42.34432,-83.26865,2018-04-15,Spring,27,Fair
3228,MR-13,42.34432,-83.26865,2015-04-15,Spring,19,Poor
3230,MR-13,42.34432,-83.26865,2014-04-15,Spring,17,Poor
3232,MR-13,42.34432,-83.26865,2013-04-15,Spring,19,Poor
3234,MR-13,42.34432,-83.26865,2012-04-15,Spring,16,Poor
3242,MR-13,42.34432,-83.26865,2008-04-15,Spring,21,Fair
3244,MR-13,42.34432,-83.26865,2007-04-15,Spring,29,Fair
3246,MR-13,42.34432,-83.26865,2006-04-15,Spring,21,Fair
3248,MR-13,42.34432,-83.26865,2005-04-15,Spring,29,Fair
3282,MR-14,42.3601432,-83.4763746,2010-04-15,Spring,39,Good
3284,MR-14,42.3601432,-83.4763746,2009-04-15,Spring,27,Fair
3286,MR-14,42.3601432,-83.4763746,2008-04-15,Spring,27,Fair
3288,MR-14,42.3601432,-83.4763746,2007-04-15,Spring,34,Good
3316,MR-15,42.3306,-83.2483,2015-04-15,Spring,31,Fair
3326,MR-15,42.3306,-83.2483,2010-04-15,Spring,29,Fair
3328,MR-15,42.3306,-83.2483,2009-04-15,Spring,24,Fair
3330,MR-15,42.3306,-83.2483,2008-04-15,Spring,19,Poor
3336,MR-15,42.3306,-83.2483,2005-04-15,Spring,15,Poor
3358,MR-16,42.3519,-83.375,2016-04-15,Spring,28,Fair
3362,MR-16,42.3519,-83.375,2014-04-15,Spring,19,Poor
3370,MR-16,42.3519,-83.375,2010-04-15,Spring,20,Fair
3372,MR-16,42.3519,-83.375,2009-04-15,Spring,25,Fair
3374,MR-16,42.3519,-83.375,2008-04-15,Spring,21,Fair
3400,MR-17,42.370466,-83.437574,2017-04-15,Spring,44,Good
3414,MR-17,42.370466,-83.437574,2010-04-15,Spring,46,Good
3416,MR-17,42.370466,-83.437574,2009-04-15,Spring,41,Good
3418,MR-17,42.370466,-83.437574,2008-04-15,Spring,44,Good
3436,MR-18,42.390248,-83.466365,2021-04-15,Spring,41,Good
3440,MR-18,42.390248,-83.466365,2019-04-15,Spring,45,Good
3456,MR-18,42.390248,-83.466365,2011-04-15,Spring,38,Good
3458,MR-18,42.390248,-83.466365,2010-04-15,Spring,31,Fair
3460,MR-18,42.390248,-83.466365,2009-04-15,Spring,44,Good
3462,MR-18,42.390248,-83.466365,2008-04-15,Spring,44,Good
3498,MR-19,42.351831,-83.462729,2012-04-15,Spring,30,Fair
3502,MR-19,42.351831,-83.462729,2010-04-15,Spring,25,Fair
3504,MR-19,42.351831,-83.462729,2009-04-15,Spring,11,Poor
3506,MR-19,42.351831,-83.462729,2008-04-15,Spring,14,Poor
3522,MR-2,42.408,-83.47076,2022-04-15,Spring,21,Fair
3524,MR-2,42.408,-83.47076,2021-04-15,Spring,40,Good
3532,MR-2,42.408,-83.47076,2017-04-15,Spring,46,Good
3548,MR-2,42.408,-83.47076,2009-04-15,Spring,36,Good
3550,MR-2,42.408,-83.47076,2008-04-15,Spring,49,Excellent
3552,MR-2,42.408,-83.47076,2007-04-15,Spring,33,Fair
3554,MR-2,42.408,-83.47076,2006-04-15,Spring,34,Good
3556,MR-2,42.408,-83.47076,2005-04-15,Spring,24,Fair
3568,MR-20,42.411952,-83.471703,2021-04-15,Spring,42,Good
3576,MR-20,42.411952,-83.471703,2017-04-15,Spring,45,Good
3578,MR-20,42.411952,-83.471703,2016-04-15,Spring,52,Excellent
3582,MR-20,42.411952,-83.471703,2014-04-15,Spring,40,Good
3584,MR-20,42.411952,-83.471703,2013-04-15,Spring,48,Good
3586,MR-20,42.411952,-83.471703,2012-04-15,Spring,38,Good
3588,MR-20,42.411952,-83.471703,2011-04-15,Spring,52,Excellent
3590,MR-20,42.411952,-83.471703,2010-04-15,Spring,48,Good
3592,MR-20,42.411952,-83.471703,2009-04-15,Spring,49,Excellent
3654,MR-22,42.43033,-83.544423,2022-04-15,Spring,38,Good
3656,MR-22,42.43033,-83.544423,2021-04-15,Spring,35,Good
3658,MR-22,42.43033,-83.544423,2020-04-15,Spring,41,Good
3660,MR-22,42.43033,-83.544423,2019-04-15,Spring,34,Good
3662,MR-22,42.43033,-83.544423,2018-04-15,Spring,37,Good
3664,MR-22,42.43033,-83.544423,2017-04-15,Spring,32,Fair
3666,MR-22,42.43033,-83.544423,2016-04-15,Spring,41,Good
3668,MR-22,42.43033,-83.544423,2015-04-15,Spring,46,Good
3670,MR-22,42.43033,-83.544423,2014-04-15,Spring,37,Good
3672,MR-22,42.43033,-83.544423,2013-04-15,Spring,46,Good
3674,MR-22,42.43033,-83.544423,2012-04-15,Spring,45,Good
3676,MR-22,42.43033,-83.544423,2011-04-15,Spring,41,Good
3678,MR-22,42.43033,-83.544423,2010-04-15,Spring,43,Good
3698,MR-23,42.432475,-83.520006,2022-04-15,Spring,25,Fair
3706,MR-23,42.432475,-83.520006,2018-04-15,Spring,19,Poor
3708,MR-23,42.432475,-83.520006,2017-04-15,Spring,17,Poor
3710,MR-23,42.432475,-83.520006,2016-04-15,Spring,27,Fair
3712,MR-23,42.432475,-83.520006,2015-04-15,Spring,42,Good
3714,MR-23,42.432475,-83.520006,2014-04-15,Spring,39,Good
3716,MR-23,42.432475,-83.520006,2013-04-15,Spring,41,Good
3718,MR-23,42.432475,-83.520006,2012-04-15,Spring,30,Fair
3720,MR-23,42.432475,-83.520006,2011-04-15,Spring,32,Fair
3760,MR-24,42.3640761,-83.4643914,2013-04-15,Spring,31,Fair
3762,MR-24,42.3640761,-83.4643914,2012-04-15,Spring,18,Poor
3764,MR-24,42.3640761,-83.4643914,2011-04-15,Spring,36,Good
3794,MR-25,42.43058,-83.5135,2018-04-15,Spring,38,Good
3796,MR-25,42.43058,-83.5135,2017-04-15,Spring,34,Good
3798,MR-25,42.43058,-83.5135,2016-04-15,Spring,46,Good
3800,MR-25,42.43058,-83.5135,2015-04-15,Spring,51,Excellent
3802,MR-25,42.43058,-83.5135,2014-04-15,Spring,35,Good
3804,MR-25,42.43058,-83.5135,2013-04-15,Spring,49,Excellent
3806,MR-25,42.43058,-83.5135,2012-04-15,Spring,43,Good
3832,MR-26,42.434306,-83.550725,2021-04-15,Spring,31,Fair
3838,MR-26,42.434306,-83.550725,2018-04-15,Spring,30,Fair
3840,MR-26,42.434306,-83.550725,2017-04-15,Spring,48,Good
3842,MR-26,42.434306,-83.550725,2016-04-15,Spring,34,Good
3844,MR-26,42.434306,-83.550725,2015-04-15,Spring,42,Good
3846,MR-26,42.434306,-83.550725,2014-04-15,Spring,31,Fair
3848,MR-26,42.434306,-83.550725,2013-04-15,Spring,48,Good
3874,MR-27,42.41672,-83.531253,2022-04-15,Spring,26,Fair
3876,MR-27,42.41672,-83.531253,2021-04-15,Spring,30,Fair
3882,MR-27,42.41672,-83.531253,2018-04-15,Spring,46,Good
3884,MR-27,42.41672,-83.531253,2017-04-15,Spring,48,Good
3886,MR-27,42.41672,-83.531253,2016-04-15,Spring,52,Excellent
3888,MR-27,42.41672,-83.531253,2015-04-15,Spring,51,Excellent
3926,MR-2a,42.4089,-83.4704,2018-04-15,Spring,43,Good
3928,MR-2a,42.4089,-83.4704,2017-04-15,Spring,48,Good
3936,MR-2a,42.4089,-83.4704,2013-04-15,Spring,40,Good
3938,MR-2a,42.4089,-83.4704,2012-04-15,Spring,37,Good
3940,MR-2a,42.4089,-83.4704,2011-04-15,Spring,44,Good
3942,MR-2a,42.4089,-83.4704,2010-04-15,Spring,38,Good
3944,MR-2a,42.4089,-83.4704,2009-04-15,Spring,41,Good
3946,MR-2a,42.4089,-83.4704,2008-04-15,Spring,48,Good
3974,MR-3,42.37402,-83.45532,2016-04-15,Spring,37,Good
3978,MR-3,42.37402,-83.45532,2014-04-15,Spring,42,Good
3982,MR-3,42.37402,-83.45532,2012-04-15,Spring,45,Good
3992,MR-3,42.37402,-83.45532,2007-04-15,Spring,39,Good
3994,MR-3,42.37402,-83.45532,2006-04-15,Spring,32,Fair
3996,MR-3,42.37402,-83.45532,2005-04-15,Spring,32,Fair
4014,MR-4,42.36445,-83.40406,2018-04-15,Spring,22,Fair
4016,MR-4,42.36445,-83.40406,2017-04-15,Spring,24,Fair
4020,MR-4,42.36445,-83.40406,2015-04-15,Spring,21,Fair
4030,MR-4,42.36445,-83.40406,2010-04-15,Spring,37,Good
4036,MR-4,42.36445,-83.40406,2007-04-15,Spring,20,Fair
4038,MR-4,42.36445,-83.40406,2006-04-15,Spring,41,Good
4040,MR-4,42.36445,-83.40406,2005-04-15,Spring,33,Fair
4080,MR-5,42.34447,-83.36118,2007-04-15,Spring,20,Fair
4082,MR-5,42.34447,-83.36118,2006-04-15,Spring,5,Poor
4084,MR-5,42.34447,-83.36118,2005-04-15,Spring,19,Poor
4124,MR-6,42.34132,-83.33765,2007-04-15,Spring,14,Poor
4126,MR-6,42.34132,-83.33765,2006-04-15,Spring,4,Poor
4128,MR-6,42.34132,-83.33765,2005-04-15,Spring,11,Poor
4168,MR-7,42.34286,-83.32853,2007-04-15,Spring,24,Fair
4170,MR-7,42.34286,-83.32853,2006-04-15,Spring,8,Poor
4172,MR-7,42.34286,-83.32853,2005-04-15,Spring,17,Poor
4194,MR-8,42.34893,-83.31455,2016-04-15,Spring,23,Fair
4198,MR-8,42.34893,-83.31455,2014-04-15,Spring,21,Fair
4206,MR-8,42.34893,-83.31455,2010-04-15,Spring,27,Fair
4212,MR-8,42.34893,-83.31455,2007-04-15,Spring,17,Poor
4214,MR-8,42.34893,-83.31455,2006-04-15,Spring,5,Poor
4216,MR-8,42.34893,-83.31455,2005-04-15,Spring,19,Poor
4234,MR-9,42.34732,-83.29135,2018-04-15,Spring,21,Fair
4238,MR-9,42.34732,-83.29135,2016-04-15,Spring,30,Fair
4246,MR-9,42.34732,-83.29135,2012-04-15,Spring,35,Good
4256,MR-9,42.34732,-83.29135,2007-04-15,Spring,29,Fair
4258,MR-9,42.34732,-83.29135,2006-04-15,Spring,8,Poor
4260,MR-9,42.34732,-83.29135,2005-04-15,Spring,17,Poor
4284,Mur2,42.59375,-83.25174,2015-04-15,Spring,34,Good
4288,Mur2,42.59375,-83.25174,2013-04-15,Spring,27,Fair
4294,Mur2,42.59375,-83.25174,2010-04-15,Spring,33,Fair
4296,Mur2,42.59375,-83.25174,2009-04-15,Spring,32,Fair
4298,Mur2,42.59375,-83.25174,2008-04-15,Spring,23,Fair
4300,Mur2,42.59375,-83.25174,2007-04-15,Spring,25,Fair
4314,Nott,42.51149,-83.26463,2022-04-15,Spring,20,Fair
4316,Nott,42.51149,-83.26463,2021-04-15,Spring,22,Fair
4322,Nott,42.51149,-83.26463,2018-04-15,Spring,17,Poor
4328,Nott,42.51149,-83.26463,2015-04-15,Spring,22,Fair
4332,Nott,42.51149,-83.26463,2013-04-15,Spring,22,Fair
4336,Nott,42.51149,-83.26463,2011-04-15,Spring,24,Fair
4340,Nott,42.51149,-83.26463,2009-04-15,Spring,26,Fair
4342,Nott,42.51149,-83.26463,2008-04-15,Spring,29,Fair
4348,Nott,42.51149,-83.26463,2005-04-15,Spring,21,Fair
4350,Nott,42.51149,-83.26463,2004-04-15,Spring,31,Fair
4358,Nton,42.37312,-83.47572,2022-04-15,Spring,25,Fair
4360,Nton,42.37312,-83.47572,2021-04-15,Spring,24,Fair
4370,Nton,42.37312,-83.47572,2016-04-15,Spring,19,Poor
4374,Nton,42.37312,-83.47572,2014-04-15,Spring,20,Fair
4378,Nton,42.37312,-83.47572,2012-04-15,Spring,25,Fair
4380,Nton,42.37312,-83.47572,2011-04-15,Spring,16,Poor
4384,Nton,42.37312,-83.47572,2009-04-15,Spring,21,Fair
4386,Nton,42.37312,-83.47572,2008-04-15,Spring,23,Fair
4392,Nton,42.37312,-83.47572,2005-04-15,Spring,14,Poor
4394,Nton,42.37312,-83.47572,2004-04-15,Spring,12,Poor
4412,Peb1,42.50133,-83.32912,2017-04-15,Spring,30,Fair
4414,Peb1,42.50133,-83.32912,2016-04-15,Spring,12,Poor
4416,Peb1,42.50133,-83.32912,2015-04-15,Spring,27,Fair
4418,Peb1,42.50133,-83.32912,2014-04-15,Spring,26,Fair
4420,Peb1,42.50133,-83.32912,2013-04-15,Spring,28,Fair
4422,Peb1,42.50133,-83.32912,2012-04-15,Spring,24,Fair
4424,Peb1,42.50133,-83.32912,2011-04-15,Spring,36,Good
4428,Peb1,42.50133,-83.32912,2009-04-15,Spring,31,Fair
4430,Peb1,42.50133,-83.32912,2008-04-15,Spring,22,Fair
4432,Peb1,42.50133,-83.32912,2007-04-15,Spring,24,Fair
4436,Peb1,42.50133,-83.32912,2005-04-15,Spring,28,Fair
4438,Peb1,42.50133,-83.32912,2004-04-15,Spring,26,Fair
4440,Peb1,42.50133,-83.32912,2003-04-15,Spring,12,Poor
4442,Peb1,42.50133,-83.32912,2002-04-15,Spring,31,Fair
4444,Peb1,42.50133,-83.32912,2001-04-15,Spring,36,Good
4446,Peb2,42.51521,-83.34402,2022-04-15,Spring,29,Fair
4464,Peb2,42.51521,-83.34402,2013-04-15,Spring,23,Fair
4466,Peb2,42.51521,-83.34402,2012-04-15,Spring,24,Fair
4468,Peb2,42.51521,-83.34402,2011-04-15,Spring,30,Fair
4472,Peb2,42.51521,-83.34402,2009-04-15,Spring,23,Fair
4474,Peb2,42.51521,-83.34402,2008-04-15,Spring,37,Good
4480,Peb2,42.51521,-83.34402,2005-04-15,Spring,26,Fair
4490,Peb3,42.500849,-83.324474,2022-04-15,Spring,36,Good
4500,Peb3,42.500849,-83.324474,2017-04-15,Spring,26,Fair
4502,Peb3,42.500849,-83.324474,2016-04-15,Spring,14,Poor
4504,Peb3,42.500849,-83.324474,2015-04-15,Spring,28,Fair
4506,Peb3,42.500849,-83.324474,2014-04-15,Spring,21,Fair
4508,Peb3,42.500849,-83.324474,2013-04-15,Spring,35,Good
4510,Peb3,42.500849,-83.324474,2012-04-15,Spring,37,Good
4512,Peb3,42.500849,-83.324474,2011-04-15,Spring,32,Fair
4542,See2,42.48927,-83.40099,2018-04-15,Spring,31,Fair
4546,See2,42.48927,-83.40099,2016-04-15,Spring,21,Fair
4550,See2,42.48927,-83.40099,2014-04-15,Spring,26,Fair
4552,See2,42.48927,-83.40099,2013-04-15,Spring,26,Fair
4556,See2,42.48927,-83.40099,2011-04-15,Spring,33,Fair
4558,See2,42.48927,-83.40099,2010-04-15,Spring,25,Fair
4570,See2,42.48927,-83.40099,2004-04-15,Spring,17,Poor
4572,See2,42.48927,-83.40099,2003-04-15,Spring,16,Poor
4578,See3,42.51073,-83.4304,2022-04-15,Spring,19,Poor
4586,See3,42.51073,-83.4304,2018-04-15,Spring,26,Fair
4590,See3,42.51073,-83.4304,2016-04-15,Spring,25,Fair
4594,See3,42.51073,-83.4304,2014-04-15,Spring,28,Fair
4596,See3,42.51073,-83.4304,2013-04-15,Spring,20,Fair
4600,See3,42.51073,-83.4304,2011-04-15,Spring,20,Fair
4602,See3,42.51073,-83.4304,2010-04-15,Spring,33,Fair
4604,See3,42.51073,-83.4304,2009-04-15,Spring,18,Poor
4666,Sprag,42.6159714,-83.1920726,2022-04-15,Spring,42,Good
4668,Sprag,42.6159714,-83.1920726,2021-04-15,Spring,32,Fair
4674,Sprag,42.6159714,-83.1920726,2018-04-15,Spring,31,Fair
4676,Sprag,42.6159714,-83.1920726,2017-04-15,Spring,33,Fair
4678,Sprag,42.6159714,-83.1920726,2016-04-15,Spring,42,Good
4684,Sprag,42.6159714,-83.1920726,2013-04-15,Spring,34,Good
4690,Sprag,42.6159714,-83.1920726,2010-04-15,Spring,42,Good
4692,Sprag,42.6159714,-83.1920726,2009-04-15,Spring,54,Excellent
4694,Sprag,42.6159714,-83.1920726,2008-04-15,Spring,32,Fair
4700,Sprag,42.6159714,-83.1920726,2005-04-15,Spring,28,Fair
4742,Tar1,42.447798,-83.386233,2006-04-15,Spring,30,Fair
4744,Tar1,42.447798,-83.386233,2005-04-15,Spring,22,Fair
4746,Tar1,42.447798,-83.386233,2004-04-15,Spring,30,Fair
4748,Tar1,42.447798,-83.386233,2003-04-15,Spring,29,Fair
4764,Tar2,42.441084,-83.38423,2017-04-15,Spring,28,Fair
4766,Tar2,42.441084,-83.38423,2016-04-15,Spring,14,Poor
4768,Tar2,42.441084,-83.38423,2015-04-15,Spring,14,Poor
4772,Tar2,42.441084,-83.38423,2013-04-15,Spring,31,Fair
4776,Tar2,42.441084,-83.38423,2011-04-15,Spring,24,Fair
4784,Tar2,42.441084,-83.38423,2007-04-15,Spring,26,Fair
4786,Tar2,42.441084,-83.38423,2006-04-15,Spring,29,Fair
4790,Tar2,42.441084,-83.38423,2004-04-15,Spring,30,Fair
4794,Tar2,42.441084,-83.38423,2002-04-15,Spring,16,Poor
4798,Ton1,42.36701,-83.49895,2022-04-15,Spring,40,Good
4800,Ton1,42.36701,-83.49895,2021-04-15,Spring,44,Good
4804,Ton1,42.36701,-83.49895,2019-04-15,Spring,35,Good
4806,Ton1,42.36701,-83.49895,2018-04-15,Spring,34,Good
4808,Ton1,42.36701,-83.49895,2017-04-15,Spring,47,Good
4810,Ton1,42.36701,-83.49895,2016-04-15,Spring,38,Good
4812,Ton1,42.36701,-83.49895,2015-04-15,Spring,44,Good
4814,Ton1,42.36701,-83.49895,2014-04-15,Spring,40,Good
4816,Ton1,42.36701,-83.49895,2013-04-15,Spring,48,Good
4818,Ton1,42.36701,-83.49895,2012-04-15,Spring,57,Excellent
4820,Ton1,42.36701,-83.49895,2011-04-15,Spring,59,Excellent
4826,Ton1,42.36701,-83.49895,2008-04-15,Spring,46,Good
4828,Ton1,42.36701,-83.49895,2007-04-15,Spring,51,Excellent
4830,Ton1,42.36701,-83.49895,2006-04-15,Spring,25,Fair
4832,Ton1,42.36701,-83.49895,2005-04-15,Spring,28,Fair
4834,Ton1,42.36701,-83.49895,2004-04-15,Spring,33,Fair
4844,Ton1/2,42.3642907,-83.489154,2021-04-15,Spring,33,Fair
4850,Ton1/2,42.3642907,-83.489154,2018-04-15,Spring,35,Good
4856,Ton1/2,42.3642907,-83.489154,2015-04-15,Spring,26,Fair
4862,Ton1/2,42.3642907,-83.489154,2012-04-15,Spring,44,Good
4866,Ton1/2,42.3642907,-83.489154,2010-04-15,Spring,27,Fair
4870,Ton1/2,42.3642907,-83.489154,2008-04-15,Spring,30,Fair
4874,Ton1/2,42.3642907,-83.489154,2006-04-15,Spring,39,Good
4886,Ton2,42.35809,-83.46507,2022-04-15,Spring,17,Poor
4888,Ton2,42.35809,-83.46507,2021-04-15,Spring,20,Fair
4894,Ton2,42.35809,-83.46507,2018-04-15,Spring,9,Poor
4898,Ton2,42.35809,-83.46507,2016-04-15,Spring,25,Fair
4902,Ton2,42.35809,-83.46507,2014-04-15,Spring,19,Poor
4906,Ton2,42.35809,-83.46507,2012-04-15,Spring,30,Fair
4910,Ton2,42.35809,-83.46507,2010-04-15,Spring,22,Fair
4916,Ton2,42.35809,-83.46507,2007-04-15,Spring,22,Fair
4918,Ton2,42.35809,-83.46507,2006-04-15,Spring,23,Fair
4920,Ton2,42.35809,-83.46507,2005-04-15,Spring,10,Poor
4926,Ton2,42.35809,-83.46507,2002-04-15,Spring,8,Poor
4928,Ton2,42.35809,-83.46507,2001-04-15,Spring,13,Poor
4932,Up1,42.47526,-83.3854501,2021-04-15,Spring,20,Fair
4938,Up1,42.47526,-83.3854501,2018-04-15,Spring,25,Fair
4944,Up1,42.47526,-83.3854501,2015-04-15,Spring,30,Fair
4946,Up1,42.47526,-83.3854501,2014-04-15,Spring,22,Fair
4950,Up1,42.47526,-83.3854501,2012-04-15,Spring,28,Fair
4958,Up1,42.47526,-83.3854501,2008-04-15,Spring,17,Poor
4960,Up1,42.47526,-83.3854501,2007-04-15,Spring,23,Fair
4962,Up1,42.47526,-83.3854501,2006-04-15,Spring,20,Fair
4974,Up2,42.4632161,-83.3682334,2022-04-15,Spring,33,Fair
4976,Up2,42.4632161,-83.3682334,2021-04-15,Spring,21,Fair
4980,Up2,42.4632161,-83.3682334,2019-04-15,Spring,17,Poor
4982,Up2,42.4632161,-83.3682334,2018-04-15,Spring,13,Poor
4986,Up2,42.4632161,-83.3682334,2016-04-15,Spring,15,Poor
4990,Up2,42.4632161,-83.3682334,2014-04-15,Spring,22,Fair
4994,Up2,42.4632161,-83.3682334,2012-04-15,Spring,26,Fair
5000,Up2,42.4632161,-83.3682334,2009-04-15,Spring,20,Fair
5002,Up2,42.4632161,-83.3682334,2008-04-15,Spring,18,Poor
5004,Up2,42.4632161,-83.3682334,2007-04-15,Spring,29,Fair
5006,Up2,42.4632161,-83.3682334,2006-04-15,Spring,17,Poor
5008,Up2,42.4632161,-83.3682334,2005-04-15,Spring,26,Fair
5010,Up2,42.4632161,-83.3682334,2004-04-15,Spring,14,Poor
5012,Up2,42.4632161,-83.3682334,2003-04-15,Spring,19,Poor
5014,Up2,42.4632161,-83.3682334,2002-04-15,Spring,22,Fair
5032,UR-1,42.4111,-83.3029,2015-04-15,Spring,26,Fair
5034,UR-1,42.4111,-83.3029,2014-04-15,Spring,14,Poor
5036,UR-1,42.4111,-83.3029,2013-04-15,Spring,16,Poor
5042,UR-1,42.4111,-83.3029,2010-04-15,Spring,21,Fair
5044,UR-1,42.4111,-83.3029,2009-04-15,Spring,26,Fair
5046,UR-1,42.4111,-83.3029,2008-04-15,Spring,17,Poor
5072,UR-2,42.401803,-83.310759,2017-04-15,Spring,21,Fair
5078,UR-2,42.401803,-83.310759,2014-04-15,Spring,19,Poor
5082,UR-2,42.401803,-83.310759,2012-04-15,Spring,22,Fair
5084,UR-2,42.401803,-83.310759,2011-04-15,Spring,19,Poor
5086,UR-2,42.401803,-83.310759,2010-04-15,Spring,18,Poor
5088,UR-2,42.401803,-83.310759,2009-04-15,Spring,23,Fair
5114,UR-3,42.426303,-83.362972,2018-04-15,Spring,22,Fair
5126,UR-3,42.426303,-83.362972,2012-04-15,Spring,18,Poor
5128,UR-3,42.426303,-83.362972,2011-04-15,Spring,25,Fair
5130,UR-3,42.426303,-83.362972,2010-04-15,Spring,17,Poor
5132,UR-3,42.426303,-83.362972,2009-04-15,Spring,21,Fair
5156,UR-4,42.400014,-83.286158,2019-04-15,Spring,24,Fair
5158,UR-4,42.400014,-83.286158,2018-04-15,Spring,25,Fair
5164,UR-4,42.400014,-83.286158,2015-04-15,Spring,18,Poor
5166,UR-4,42.400014,-83.286158,2014-04-15,Spring,17,Poor
5168,UR-4,42.400014,-83.286158,2013-04-15,Spring,21,Fair
5170,UR-4,42.400014,-83.286158,2012-04-15,Spring,21,Fair
5172,UR-4,42.400014,-83.286158,2011-04-15,Spring,35,Good
5204,UR-5,42.411266,-83.379288,2017-04-15,Spring,27,Fair
5206,UR-5,42.411266,-83.379288,2016-04-15,Spring,23,Fair
5208,UR-5,42.411266,-83.379288,2015-04-15,Spring,20,Fair
5252,Wall0,42.43673,-83.47369,2015-04-15,Spring,21,Fair
5258,Wall0,42.43673,-83.47369,2012-04-15,Spring,18,Poor
5264,Wall0,42.43673,-83.47369,2009-04-15,Spring,29,Fair
5266,Wall0,42.43673,-83.47369,2008-04-15,Spring,36,Good
5270,Wall0,42.43673,-83.47369,2006-04-15,Spring,22,Fair
5272,Wall0,42.43673,-83.47369,2005-04-15,Spring,26,Fair
5284,Wall1,42.44957,-83.46525,2021-04-15,Spring,8,Poor
5296,Wall1,42.44957,-83.46525,2015-04-15,Spring,26,Fair
5302,Wall1,42.44957,-83.46525,2012-04-15,Spring,30,Fair
5310,Wall1,42.44957,-83.46525,2008-04-15,Spring,31,Fair
5312,Wall1,42.44957,-83.46525,2007-04-15,Spring,24,Fair
5314,Wall1,42.44957,-83.46525,2006-04-15,Spring,31,Fair
5316,Wall1,42.44957,-83.46525,2005-04-15,Spring,12,Poor
5318,Wall1,42.44957,-83.46525,2004-04-15,Spring,30,Fair
5320,Wall1,42.44957,-83.46525,2003-04-15,Spring,20,Fair
5322,Wall1,42.44957,-83.46525,2002-04-15,Spring,17,Poor
5326,Wall2,42.46732,-83.46623,2022-04-15,Spring,30,Fair
5328,Wall2,42.46732,-83.46623,2021-04-15,Spring,22,Fair
5336,Wall2,42.46732,-83.46623,2017-04-15,Spring,10,Poor
5340,Wall2,42.46732,-83.46623,2015-04-15,Spring,22,Fair
5344,Wall2,42.46732,-83.46623,2013-04-15,Spring,20,Fair
5348,Wall2,42.46732,-83.46623,2011-04-15,Spring,24,Fair
5350,Wall2,42.46732,-83.46623,2010-04-15,Spring,30,Fair
5354,Wall2,42.46732,-83.46623,2008-04-15,Spring,18,Poor
5362,Wall2,42.46732,-83.46623,2004-04-15,Spring,18,Poor
5364,Wall2,42.46732,-83.46623,2003-04-15,Spring,20,Fair
5366,Wall2,42.46732,-83.46623,2002-04-15,Spring,17,Poor
5368,Wall2,42.46732,-83.46623,2001-04-15,Spring,15,Poor
5372,Wall3,42.49486,-83.49575,2021-04-15,Spring,17,Poor
5380,Wall3,42.49486,-83.49575,2017-04-15,Spring,15,Poor
5384,Wall3,42.49486,-83.49575,2015-04-15,Spring,31,Fair
5388,Wall3,42.49486,-83.49575,2013-04-15,Spring,28,Fair
5392,Wall3,42.49486,-83.49575,2011-04-15,Spring,28,Fair
5394,Wall3,42.49486,-83.49575,2010-04-15,Spring,24,Fair
5396,Wall3,42.49486,-83.49575,2009-04-15,Spring,28,Fair
5434,Wall4,42.43354,-83.48056,2012-04-15,Spring,13,Poor
5438,Wall4,42.43354,-83.48056,2010-04-15,Spring,19,Poor
5440,Wall4,42.43354,-83.48056,2009-04-15,Spring,23,Fair
5442,Wall4,42.43354,-83.48056,2008-04-15,Spring,30,Fair
5472,Will1,42.33002,-83.46422,2015-04-15,Spring,34,Good
5476,Will1,42.33002,-83.46422,2013-04-15,Spring,20,Fair
5480,Will1,42.33002,-83.46422,2011-04-15,Spring,16,Poor
5484,Will1,42.33002,-83.46422,2009-04-15,Spring,35,Good
5490,Will1,42.33002,-83.46422,2006-04-15,Spring,11,Poor
5494,Will1,42.33002,-83.46422,2004-04-15,Spring,17,Poor
5496,Will1,42.33002,-83.46422,2003-04-15,Spring,25,Fair
