,index,FIELDID,Date and Time,Latitude,Longitude,Quantity,Common Name,Darter,Sunfish,Sucker,Intolerant,Percent Omnivore,Percent Insectivores,Percent Piscivores,Percent Tolerant,Percent Lithophilic
0,0,Bell1,2016-09-16,42.42924,-83.39666,233,10,8.0,5.0,17.0,0.0,0.4721030042918455,0.5150214592274678,0.004291845493562232,0.6008583690987125,0.5493562231759657
1,1,Bell4,2016-09-16,42.40327,-83.36237,721,10,6.0,10.0,6.0,0.0,0.8821081830790569,0.11789181692094314,0.0,0.9694868238557559,0.06241331484049931
2,2,Bell4,2022-06-17,42.40327,-83.36237,117,8,1.0,1.0,1.0,0.0,0.5811965811965812,0.4188034188034188,0.0,0.9316239316239316,0.05128205128205128
3,3,Bish2,2017-06-23,42.47131,-83.45151,185,8,1.0,3.0,0.0,0.0,0.3891891891891892,0.6108108108108108,0.0,0.8864864864864865,0.08648648648648649
4,4,Bish2,2022-07-06,42.47131,-83.45151,83,7,1.0,2.0,1.0,0.0,0.9036144578313253,0.04819277108433735,0.04819277108433735,0.9397590361445783,0.12048192771084337
5,5,CL,2017-09-22,42.434131,-83.46284,368,6,2.0,4.0,0.0,2.0,0.0,0.9918478260869565,0.008152173913043478,0.016304347826086956,0.0
6,6,DNRFel,2022-06-13,42.32336,-83.48854,71,10,1.0,1.0,1.0,0.0,0.323943661971831,0.6056338028169014,0.0,0.8309859154929577,0.2112676056338028
7,7,Evan2,2016-10-06,42.472955,-83.247905,317,6,0.0,6.0,15.0,0.0,0.9589905362776026,0.03785488958990536,0.0031545741324921135,0.9779179810725552,0.08832807570977919
8,8,Evan2,2022-07-29,42.472955,-83.247905,42,5,0.0,1.0,1.0,0.0,0.9523809523809523,0.047619047619047616,0.0,0.9523809523809523,0.40476190476190477
9,9,Evan3,2018-06-22,42.459278,-83.268639,112,5,0.0,0.0,1.0,0.0,0.9821428571428571,0.017857142857142856,0.0,0.9821428571428571,0.29464285714285715
10,10,Evan4,2020-07-30,42.443871,-83.269766,153,6,1.0,0.0,1.0,0.0,0.7647058823529411,0.23529411764705882,0.0,0.869281045751634,0.27450980392156865
11,11,Evan5,2021-06-11,42.467809,-83.2616187,91,3,0.0,0.0,0.0,0.0,1.0,0.0,0.0,1.0,0.2087912087912088
12,12,Evan5,2022-07-29,42.467809,-83.2616187,38,5,0.0,0.0,1.0,0.0,1.0,0.0,0.0,1.0,0.5526315789473685
13,13,Evan6,2022-07-29,42.469335,-83.244996,29,2,0.0,0.0,0.0,0.0,1.0,0.0,0.0,1.0,0.0
14,14,FLOW2,2016-10-03,42.58359,-83.27364,12,4,1.0,0.0,0.0,1.0,0.75,0.08333333333333333,0.16666666666666666,0.75,0.0
15,15,Fel1,2013-05-17,42.35729,-83.53988,205,9,1.0,3.0,0.0,1.0,0.7707317073170732,0.21951219512195122,0.0,0.9170731707317074,0.06341463414634146
16,16,Fel1,2013-09-14,42.35729,-83.53988,123,8,1.0,2.0,1.0,1.0,0.6260162601626016,0.37398373983739835,0.0,0.943089430894309,0.0975609756097561
17,17,Fel1,2014-05-17,42.35729,-83.53988,94,7,1.0,2.0,0.0,1.0,0.35106382978723405,0.6382978723404256,0.0,0.7659574468085106,0.18085106382978725
18,18,Fel1,2014-09-06,42.35729,-83.53988,124,7,1.0,1.0,0.0,1.0,0.6129032258064516,0.3870967741935484,0.0,0.8629032258064516,0.16129032258064516
19,19,Fel3,2013-06-22,42.349854,-83.540557,35,8,1.0,2.0,0.0,1.0,0.45714285714285713,0.4857142857142857,0.05714285714285714,0.8,0.22857142857142856
20,20,Fel3,2013-09-14,42.349854,-83.540557,103,6,1.0,0.0,1.0,1.0,0.4563106796116505,0.5436893203883495,0.0,0.6796116504854369,0.27184466019417475
21,21,Fel3,2014-05-17,42.349854,-83.540557,113,8,1.0,1.0,1.0,1.0,0.7964601769911505,0.18584070796460178,0.0,0.9557522123893806,0.25663716814159293
22,22,Fel3,2014-09-06,42.349854,-83.540557,88,10,1.0,2.0,1.0,1.0,0.3977272727272727,0.5681818181818182,0.022727272727272728,0.6818181818181818,0.14772727272727273
23,23,Fel4,2013-05-18,42.31346,-83.46471,449,12,1.0,3.0,1.0,1.0,0.34966592427616927,0.6035634743875279,0.0,0.48775055679287305,0.5523385300668151
24,24,Fel4,2013-09-27,42.31346,-83.46471,113,9,1.0,2.0,1.0,0.0,0.2743362831858407,0.6902654867256637,0.008849557522123894,0.7079646017699115,0.3008849557522124
25,25,Fel4,2014-06-13,42.31346,-83.46471,161,9,1.0,2.0,1.0,0.0,0.34782608695652173,0.6211180124223602,0.0,0.6149068322981367,0.39751552795031053
26,26,Fel4,2014-09-19,42.31346,-83.46471,107,8,1.0,2.0,0.0,0.0,0.2336448598130841,0.7570093457943925,0.0,0.4672897196261682,0.5420560747663551
27,27,Fel4,2015-08-11,42.31346,-83.46471,105,11,1.0,3.0,1.0,0.0,0.6952380952380952,0.29523809523809524,0.0,0.8476190476190476,0.2857142857142857
28,28,Fel4,2022-07-11,42.31346,-83.46471,227,11,2.0,3.0,1.0,0.0,0.34801762114537443,0.6387665198237885,0.0,0.5770925110132159,0.4581497797356828
29,29,Fel5,2013-06-22,42.335263,-83.539831,37,3,1.0,0.0,0.0,0.0,0.13513513513513514,0.8648648648648649,0.0,1.0,0.10810810810810811
30,30,Fel5,2013-09-27,42.335263,-83.539831,142,7,1.0,1.0,1.0,1.0,0.5422535211267606,0.45774647887323944,0.0,0.9366197183098591,0.11971830985915492
31,31,Fel5,2014-05-20,42.335263,-83.539831,113,10,1.0,3.0,1.0,1.0,0.5398230088495575,0.39823008849557523,0.0,0.8761061946902655,0.17699115044247787
32,32,Fel5,2014-09-06,42.335263,-83.539831,56,6,1.0,1.0,0.0,1.0,0.35714285714285715,0.625,0.017857142857142856,0.8571428571428571,0.17857142857142858
33,33,Fel6,2013-06-22,42.328188,-83.532192,72,11,1.0,4.0,1.0,1.0,0.5277777777777778,0.4305555555555556,0.0,0.8333333333333334,0.08333333333333333
34,34,Fel6,2013-09-27,42.328188,-83.532192,138,8,1.0,2.0,1.0,1.0,0.3115942028985507,0.6811594202898551,0.007246376811594203,0.7753623188405797,0.16666666666666666
35,35,Fel6,2014-05-20,42.328188,-83.532192,83,6,1.0,0.0,0.0,1.0,0.3373493975903614,0.6506024096385542,0.0,0.8433734939759037,0.14457831325301204
36,36,Fel6,2014-09-19,42.328188,-83.532192,95,10,1.0,3.0,1.0,1.0,0.4842105263157895,0.4842105263157895,0.021052631578947368,0.6736842105263158,0.3263157894736842
37,37,Fel6,2015-08-07,42.328188,-83.532192,269,12,1.0,4.0,1.0,1.0,0.4646840148698885,0.5315985130111525,0.0037174721189591076,0.5539033457249071,0.13011152416356878
38,38,Fel6,2022-06-13,42.328188,-83.532192,34,6,0.0,1.0,1.0,0.0,0.6764705882352942,0.3235294117647059,0.0,0.8823529411764706,0.20588235294117646
39,39,Fowl1,2013-05-10,42.30423,-83.60516,119,10,1.0,2.0,0.0,0.0,0.7226890756302521,0.15126050420168066,0.0,0.8487394957983193,0.11764705882352941
40,40,Fowl1,2013-09-20,42.30423,-83.60516,118,11,1.0,2.0,1.0,0.0,0.711864406779661,0.2796610169491525,0.0,0.7966101694915254,0.05084745762711865
41,41,Fowl1,2014-05-16,42.30423,-83.60516,580,11,1.0,2.0,1.0,0.0,0.16551724137931034,0.04310344827586207,0.0,0.1810344827586207,0.013793103448275862
42,42,Fowl1,2014-09-05,42.30423,-83.60516,156,12,1.0,3.0,1.0,0.0,0.5384615384615384,0.16666666666666666,0.00641025641025641,0.6666666666666666,0.019230769230769232
43,43,Fowl2,2013-05-10,42.28226,-83.50515,494,7,1.0,2.0,0.0,0.0,0.9493927125506073,0.048582995951417005,0.0,0.9878542510121457,0.006072874493927126
44,44,Fowl2,2013-09-27,42.28226,-83.50515,51,5,1.0,0.0,1.0,0.0,0.5882352941176471,0.4117647058823529,0.0,0.9019607843137255,0.1568627450980392
45,45,Fowl2,2014-05-03,42.28226,-83.50515,107,5,1.0,0.0,1.0,0.0,0.7570093457943925,0.24299065420560748,0.0,1.0,0.037383177570093455
46,46,Fowl2,2014-08-22,42.28226,-83.50515,80,13,2.0,4.0,1.0,0.0,0.325,0.575,0.0375,0.8125,0.2125
47,47,Fowl2,2016-08-22,42.28226,-83.50515,137,15,2.0,5.0,1.0,1.0,0.22627737226277372,0.6277372262773723,0.0072992700729927005,0.7445255474452555,0.16058394160583941
48,48,Fowl2,2017-05-20,42.28226,-83.50515,208,12,1.0,4.0,1.0,0.0,0.7403846153846154,0.21634615384615385,0.0,0.875,0.014423076923076924
49,49,Fowl2,2017-07-29,42.28226,-83.50515,261,14,2.0,5.0,1.0,0.0,0.21455938697318008,0.7586206896551724,0.01532567049808429,0.6168582375478927,0.0842911877394636
50,50,Fowl2,2018-05-05,42.28226,-83.50515,115,6,1.0,1.0,1.0,0.0,0.3217391304347826,0.6782608695652174,0.0,0.8173913043478261,0.034782608695652174
51,51,Fowl2,2018-08-16,42.28226,-83.50515,130,10,1.0,4.0,1.0,0.0,0.16153846153846155,0.8076923076923077,0.023076923076923078,0.45384615384615384,0.1076923076923077
52,52,Fowl2,2019-08-18,42.28226,-83.50515,162,13,2.0,5.0,1.0,0.0,0.10493827160493827,0.8765432098765432,0.012345679012345678,0.4444444444444444,0.09876543209876543
53,53,Fowl2,2020-08-19,42.28226,-83.50515,129,14,2.0,4.0,1.0,0.0,0.09302325581395349,0.8837209302325582,0.007751937984496124,0.31007751937984496,0.06201550387596899
54,54,Fowl2,2021-08-26,42.28226,-83.50515,86,11,1.0,4.0,0.0,0.0,0.023255813953488372,0.872093023255814,0.023255813953488372,0.313953488372093,0.03488372093023256
55,55,Fowl2,2022-07-19,42.28226,-83.50515,127,14,1.0,4.0,1.0,0.0,0.25984251968503935,0.6456692913385826,0.023622047244094488,0.6141732283464567,0.1889763779527559
56,56,Fowl2,2022-09-24,42.28226,-83.50515,243,11,2.0,4.0,1.0,0.0,0.13991769547325103,0.8436213991769548,0.01646090534979424,0.345679012345679,0.08641975308641975
57,57,Fowl3,2013-06-01,42.297437,-83.584549,27,6,1.0,0.0,0.0,0.0,0.5555555555555556,0.4444444444444444,0.0,0.6296296296296297,0.037037037037037035
58,58,Fowl3,2013-09-20,42.297437,-83.584549,180,10,1.0,3.0,1.0,0.0,0.36666666666666664,0.4111111111111111,0.0,0.6277777777777778,0.1
59,59,Fowl3,2014-05-16,42.297437,-83.584549,149,9,1.0,1.0,1.0,0.0,0.42953020134228187,0.15436241610738255,0.0,0.5436241610738255,0.006711409395973154
60,60,Fowl3,2014-09-05,42.297437,-83.584549,254,9,1.0,1.0,1.0,0.0,0.39763779527559057,0.5669291338582677,0.0,0.5984251968503937,0.027559055118110236
61,61,Fowl4,2015-08-29,42.2755623,-83.553772,30,8,3.0,2.0,0.0,0.0,0.6666666666666666,0.3,0.03333333333333333,0.8666666666666667,0.1
62,62,Fowl4,2021-08-26,42.2755623,-83.553772,96,13,2.0,3.0,1.0,0.0,0.4583333333333333,0.53125,0.0,0.7395833333333334,0.3645833333333333
63,63,Fowl4,2022-07-18,42.2755623,-83.553772,181,10,1.0,2.0,1.0,0.0,0.580110497237569,0.4198895027624309,0.0,0.8674033149171271,0.3701657458563536
64,64,Fowl5,2015-08-06,42.2802935,-83.5254264,534,12,1.0,4.0,1.0,0.0,0.8071161048689138,0.17790262172284643,0.003745318352059925,0.947565543071161,0.13295880149812733
65,65,Fowl5,2016-08-22,42.2802935,-83.5254264,112,11,1.0,5.0,1.0,1.0,0.2767857142857143,0.6339285714285714,0.017857142857142856,0.6160714285714286,0.125
66,66,Fowl5,2017-05-20,42.2802935,-83.5254264,107,9,1.0,4.0,1.0,0.0,0.34579439252336447,0.6261682242990654,0.0,0.6822429906542056,0.29906542056074764
67,67,Fowl5,2017-07-29,42.2802935,-83.5254264,172,12,1.0,4.0,1.0,0.0,0.5,0.4883720930232558,0.0,0.872093023255814,0.21511627906976744
68,68,Fowl5,2018-08-16,42.2802935,-83.5254264,227,10,1.0,3.0,1.0,0.0,0.4713656387665198,0.5022026431718062,0.00881057268722467,0.8942731277533039,0.14096916299559473
69,69,Fowl5,2019-08-16,42.2802935,-83.5254264,192,10,1.0,4.0,1.0,0.0,0.4739583333333333,0.46875,0.036458333333333336,0.8489583333333334,0.046875
70,70,Fowl5,2020-08-06,42.2802935,-83.5254264,119,15,1.0,3.0,1.0,0.0,0.16806722689075632,0.773109243697479,0.0,0.6218487394957983,0.08403361344537816
71,71,Fowl5,2021-07-08,42.2802935,-83.5254264,169,12,1.0,4.0,1.0,0.0,0.08284023668639054,0.8816568047337278,0.03550295857988166,0.8047337278106509,0.023668639053254437
72,72,Fowl5,2022-07-18,42.2802935,-83.5254264,307,13,2.0,6.0,1.0,0.0,0.4006514657980456,0.5928338762214984,0.003257328990228013,0.7231270358306189,0.029315960912052116
73,73,Fowl6,2018-04-30,42.303202,-83.608035,68,5,0.0,0.0,0.0,0.0,0.7352941176470589,0.07352941176470588,0.0,0.7352941176470589,0.0
74,74,Fowl6,2018-08-16,42.303202,-83.608035,70,6,0.0,2.0,0.0,0.0,0.8428571428571429,0.15714285714285714,0.0,0.8571428571428571,0.0
75,75,Frank1,2015-09-18,42.53024,-83.30585,304,5,0.0,0.0,1.0,1.0,0.9506578947368421,0.049342105263157895,0.0,0.9506578947368421,0.9473684210526315
76,76,Frank1,2022-07-07,42.53024,-83.30585,404,7,0.0,0.0,2.0,2.0,0.7623762376237624,0.22277227722772278,0.0,0.7623762376237624,0.5594059405940595
77,77,Frank2,2015-09-18,42.529325,-83.325381,342,7,0.0,2.0,1.0,0.0,0.7456140350877193,0.2543859649122807,0.0,0.7456140350877193,0.652046783625731
78,78,Frank3,2016-05-23,42.56567,-83.38011,139,9,1.0,3.0,0.0,1.0,0.02158273381294964,0.935251798561151,0.007194244604316547,0.05755395683453238,0.0
79,79,Frank4,2016-05-23,42.56574,-83.37964,62,11,1.0,4.0,1.0,1.0,0.0967741935483871,0.7903225806451613,0.03225806451612903,0.11290322580645161,0.016129032258064516
80,80,Frank4,2021-06-25,42.56574,-83.37964,182,11,2.0,4.0,0.0,3.0,0.02197802197802198,0.8571428571428571,0.06043956043956044,0.027472527472527472,0.0
81,81,Frank5,2016-05-23,42.5654,-83.38219,6,3,0.0,1.0,0.0,0.0,0.5,0.3333333333333333,0.16666666666666666,0.5,0.0
82,82,Frank6,2016-05-23,42.5653611,-83.3735027,62,8,0.0,3.0,0.0,1.0,0.3064516129032258,0.6935483870967742,0.0,0.3387096774193548,0.0
83,83,Frank6,2017-06-15,42.5653611,-83.3735027,59,7,1.0,2.0,0.0,2.0,0.11864406779661017,0.8135593220338984,0.06779661016949153,0.06779661016949153,0.0
84,84,Frank7,2017-06-15,42.55605,-83.3548,135,7,0.0,1.0,1.0,1.0,0.5703703703703704,0.25925925925925924,0.17037037037037037,0.5703703703703704,0.014814814814814815
85,85,Frank8,2017-06-15,42.564393,-83.3754668,68,8,0.0,4.0,0.0,1.0,0.04411764705882353,0.9117647058823529,0.04411764705882353,0.10294117647058823,0.0
86,86,GilbL,2020-07-24,42.560939,-83.278472,335,9,1.0,4.0,0.0,1.0,0.020895522388059702,0.8985074626865671,0.0626865671641791,0.020895522388059702,0.0
87,87,HamL,2018-08-29,42.6066819,-83.3223617,292,13,2.0,5.0,0.0,3.0,0.1506849315068493,0.6267123287671232,0.14726027397260275,0.16095890410958905,0.0
88,88,Ing1,2015-09-11,42.46293,-83.44552,54,8,5.0,3.0,3.0,0.0,0.6296296296296297,0.35185185185185186,0.018518518518518517,0.8888888888888888,0.2222222222222222
89,89,John1,2012-05-24,42.3897,-83.58194,418,16,10.0,12.0,3.0,12.0,0.4043062200956938,0.3588516746411483,0.0,0.45933014354066987,0.22966507177033493
90,90,John1,2022-06-06,42.3897,-83.58194,119,10,1.0,1.0,0.0,2.0,0.21008403361344538,0.7478991596638656,0.008403361344537815,0.21008403361344538,0.6638655462184874
91,91,John1,2022-07-12,42.3897,-83.58194,368,14,2.0,3.0,1.0,2.0,0.5217391304347826,0.38858695652173914,0.002717391304347826,0.5489130434782609,0.3070652173913043
92,92,John10,2022-07-12,42.3971408,-83.5293057,166,12,2.0,2.0,1.0,2.0,0.42168674698795183,0.5421686746987951,0.024096385542168676,0.5542168674698795,0.28313253012048195
93,93,John2,2012-05-25,42.3938201,-83.5342002,250,13,11.0,4.0,10.0,20.0,0.636,0.296,0.0,0.812,0.1
94,94,John2,2018-06-26,42.3938201,-83.5342002,154,14,2.0,3.0,1.0,2.0,0.564935064935065,0.2077922077922078,0.15584415584415584,0.5974025974025974,0.07792207792207792
95,95,John2,2021-05-21,42.3938201,-83.5342002,33,12,2.0,2.0,1.0,3.0,0.36363636363636365,0.5151515151515151,0.0,0.42424242424242425,0.42424242424242425
96,96,John2,2022-06-06,42.3938201,-83.5342002,87,10,2.0,3.0,1.0,1.0,0.367816091954023,0.632183908045977,0.0,0.4367816091954023,0.08045977011494253
97,97,John3,2012-05-29,42.40844,-83.51693,142,11,11.0,4.0,0.0,19.0,0.43661971830985913,0.5352112676056338,0.0,0.528169014084507,0.08450704225352113
98,98,John3,2018-06-26,42.40844,-83.51693,70,10,1.0,2.0,1.0,2.0,0.35714285714285715,0.5714285714285714,0.014285714285714285,0.35714285714285715,0.21428571428571427
99,99,John5,2012-05-31,42.4224,-83.49289,75,11,3.0,10.0,2.0,18.0,0.12,0.7066666666666667,0.0,0.26666666666666666,0.09333333333333334
100,100,John6,2012-05-31,42.42546,-83.48138,85,12,6.0,5.0,4.0,16.0,0.27058823529411763,0.6705882352941176,0.0,0.29411764705882354,0.29411764705882354
101,101,John6,2018-10-09,42.42546,-83.48138,128,13,2.0,4.0,1.0,3.0,0.46875,0.4375,0.0234375,0.5390625,0.171875
102,102,John6,2020-07-17,42.42546,-83.48138,68,8,1.0,0.0,1.0,3.0,0.6911764705882353,0.29411764705882354,0.0,0.6911764705882353,0.4117647058823529
103,103,John6,2021-05-21,42.42546,-83.48138,29,4,1.0,0.0,0.0,3.0,0.13793103448275862,0.6551724137931034,0.0,0.13793103448275862,0.4827586206896552
104,104,John6,2022-08-09,42.42546,-83.48138,137,13,1.0,5.0,1.0,4.0,0.4233576642335766,0.35766423357664234,0.021897810218978103,0.45255474452554745,0.29927007299270075
105,105,John7,2012-05-25,42.3985716,-83.5279588,95,14,7.0,4.0,3.0,9.0,0.4105263157894737,0.47368421052631576,0.0,0.5263157894736842,0.09473684210526316
106,106,John8,2012-05-29,42.42148,-83.54396,148,9,0.0,2.0,1.0,6.0,0.7432432432432432,0.21621621621621623,0.0,0.7432432432432432,0.34459459459459457
107,107,John9,2012-05-24,42.38066,-83.545192,153,13,10.0,15.0,5.0,9.0,0.38562091503267976,0.46405228758169936,0.0196078431372549,0.5816993464052288,0.0718954248366013
108,108,JohnRHS,2012-05-31,42.42611,-83.486667,38,4,5.0,1.0,0.0,10.0,0.05263157894736842,0.9473684210526315,0.0,0.07894736842105263,0.3684210526315789
109,109,JohnRHS,2018-10-09,42.42611,-83.486667,88,12,2.0,1.0,1.0,2.0,0.6136363636363636,0.3522727272727273,0.0,0.6818181818181818,0.29545454545454547
110,110,JohnSWD,2012-05-25,42.392444,-83.595278,24,5,2.0,0.0,0.0,7.0,0.5,0.5,0.0,0.5833333333333334,0.16666666666666666
111,111,LR-1,2012-11-23,42.280425,-83.42027,45,8,2.0,2.0,1.0,0.0,0.2222222222222222,0.6444444444444445,0.0,0.6444444444444445,0.08888888888888889
112,112,LR-1,2013-05-31,42.280425,-83.42027,51,8,2.0,3.0,1.0,0.0,0.29411764705882354,0.7058823529411765,0.0,0.45098039215686275,0.3333333333333333
113,113,LR-1,2013-08-03,42.280425,-83.42027,95,11,2.0,5.0,1.0,1.0,0.28421052631578947,0.6947368421052632,0.021052631578947368,0.5789473684210527,0.35789473684210527
114,114,LR-1,2014-06-14,42.280425,-83.42027,35,7,2.0,2.0,1.0,0.0,0.4857142857142857,0.5142857142857142,0.0,0.6,0.3142857142857143
115,115,LR-1,2014-08-08,42.280425,-83.42027,61,9,2.0,2.0,1.0,0.0,0.21311475409836064,0.7213114754098361,0.0,0.639344262295082,0.3770491803278688
116,116,LR-1,2015-05-15,42.280425,-83.42027,103,11,2.0,3.0,1.0,0.0,0.39805825242718446,0.5922330097087378,0.0,0.6601941747572816,0.23300970873786409
117,117,LR-1,2015-08-07,42.280425,-83.42027,135,10,2.0,3.0,1.0,0.0,0.35555555555555557,0.6370370370370371,0.007407407407407408,0.7111111111111111,0.2962962962962963
118,118,LR-1,2016-05-20,42.280425,-83.42027,56,10,2.0,3.0,1.0,0.0,0.26785714285714285,0.7321428571428571,0.0,0.42857142857142855,0.21428571428571427
119,119,LR-1,2016-08-25,42.280425,-83.42027,111,9,2.0,0.0,1.0,0.0,0.35135135135135137,0.6486486486486487,0.0,0.45045045045045046,0.27927927927927926
120,120,LR-1,2017-08-25,42.280425,-83.42027,124,15,2.0,4.0,1.0,0.0,0.31451612903225806,0.6532258064516129,0.008064516129032258,0.4596774193548387,0.18548387096774194
121,121,LR-10,2012-11-23,42.298506,-83.305839,37,10,2.0,1.0,1.0,1.0,0.10810810810810811,0.6216216216216216,0.05405405405405406,0.13513513513513514,0.13513513513513514
122,122,LR-10,2013-06-07,42.298506,-83.305839,155,5,0.0,0.0,1.0,0.0,0.22580645161290322,0.7612903225806451,0.0,0.22580645161290322,0.11612903225806452
123,123,LR-10,2013-09-07,42.298506,-83.305839,88,5,0.0,1.0,1.0,1.0,0.18181818181818182,0.8068181818181818,0.011363636363636364,0.18181818181818182,0.22727272727272727
124,124,LR-10,2014-06-27,42.298506,-83.305839,114,10,1.0,3.0,1.0,0.0,0.2543859649122807,0.6929824561403509,0.017543859649122806,0.2543859649122807,0.09649122807017543
125,125,LR-10,2014-09-20,42.298506,-83.305839,41,6,2.0,0.0,1.0,0.0,0.43902439024390244,0.5609756097560976,0.0,0.5365853658536586,0.2682926829268293
126,126,LR-10,2015-05-01,42.298506,-83.305839,44,11,2.0,2.0,1.0,1.0,0.6590909090909091,0.22727272727272727,0.022727272727272728,0.6818181818181818,0.1590909090909091
127,127,LR-10,2015-08-22,42.298506,-83.305839,84,8,0.0,3.0,1.0,0.0,0.42857142857142855,0.5714285714285714,0.0,0.44047619047619047,0.21428571428571427
128,128,LR-10,2015-09-23,42.298506,-83.305839,169,14,1.0,4.0,2.0,2.0,0.6035502958579881,0.16568047337278108,0.01775147928994083,0.6272189349112426,0.34911242603550297
129,129,LR-10,2016-06-03,42.298506,-83.305839,37,9,0.0,3.0,1.0,1.0,0.6486486486486487,0.2972972972972973,0.0,0.6756756756756757,0.3783783783783784
130,130,LR-10,2016-08-26,42.298506,-83.305839,203,11,2.0,2.0,1.0,1.0,0.24630541871921183,0.7339901477832512,0.0049261083743842365,0.2512315270935961,0.16748768472906403
131,131,LR-10,2017-05-03,42.298506,-83.305839,61,11,1.0,3.0,1.0,0.0,0.639344262295082,0.3114754098360656,0.03278688524590164,0.639344262295082,0.18032786885245902
132,132,LR-10,2017-09-09,42.298506,-83.305839,237,14,2.0,1.0,1.0,0.0,0.21518987341772153,0.70042194092827,0.0,0.22362869198312235,0.12236286919831224
133,133,LR-10,2018-05-29,42.298506,-83.305839,115,14,1.0,3.0,1.0,0.0,0.2956521739130435,0.6434782608695652,0.0,0.3130434782608696,0.14782608695652175
134,134,LR-10,2018-09-14,42.298506,-83.305839,190,15,1.0,2.0,1.0,0.0,0.11578947368421053,0.8578947368421053,0.005263157894736842,0.11578947368421053,0.11052631578947368
135,135,LR-10,2019-08-24,42.298506,-83.305839,243,11,1.0,1.0,1.0,0.0,0.15637860082304528,0.757201646090535,0.0,0.15637860082304528,0.07818930041152264
136,136,LR-10,2020-08-21,42.298506,-83.305839,134,12,1.0,3.0,1.0,0.0,0.11940298507462686,0.7313432835820896,0.0,0.12686567164179105,0.19402985074626866
137,137,LR-10,2021-09-03,42.298506,-83.305839,57,9,1.0,2.0,1.0,0.0,0.2631578947368421,0.6666666666666666,0.0,0.2982456140350877,0.12280701754385964
138,138,LR-10,2022-07-05,42.298506,-83.305839,102,12,1.0,3.0,1.0,0.0,0.2549019607843137,0.6862745098039216,0.0,0.46078431372549017,0.13725490196078433
139,139,LR-11,2007-09-13,42.309888,-83.24854,1,1,0.0,0.0,0.0,0.0,0.0,1.0,0.0,1.0,0.0
140,140,LR-11,2013-06-21,42.309888,-83.24854,76,10,1.0,2.0,1.0,0.0,0.18421052631578946,0.7763157894736842,0.02631578947368421,0.19736842105263158,0.039473684210526314
141,141,LR-11,2015-09-23,42.309888,-83.24854,192,14,0.0,4.0,1.0,2.0,0.7447916666666666,0.21875,0.026041666666666668,0.796875,0.453125
142,142,LR-11A,2014-06-27,42.3125679,-83.2415233,126,13,1.0,2.0,1.0,1.0,0.373015873015873,0.5634920634920635,0.047619047619047616,0.38095238095238093,0.11904761904761904
143,143,LR-11A,2014-09-20,42.3125679,-83.2415233,85,10,2.0,2.0,1.0,1.0,0.17647058823529413,0.6823529411764706,0.011764705882352941,0.27058823529411763,0.09411764705882353
144,144,LR-11A,2015-05-01,42.3125679,-83.2415233,353,13,2.0,0.0,1.0,2.0,0.07365439093484419,0.9178470254957507,0.0,0.0764872521246459,0.04815864022662889
145,145,LR-11A,2015-08-22,42.3125679,-83.2415233,104,8,0.0,1.0,1.0,0.0,0.6923076923076923,0.2980769230769231,0.009615384615384616,0.6923076923076923,0.15384615384615385
146,146,LR-11A,2016-06-03,42.3125679,-83.2415233,185,12,2.0,1.0,2.0,0.0,0.33513513513513515,0.5675675675675675,0.0,0.35135135135135137,0.06486486486486487
147,147,LR-11A,2016-08-26,42.3125679,-83.2415233,312,15,1.0,2.0,0.0,1.0,0.41025641025641024,0.2980769230769231,0.003205128205128205,0.4198717948717949,0.009615384615384616
148,148,LR-11A,2017-05-31,42.3125679,-83.2415233,115,12,1.0,0.0,0.0,0.0,0.2608695652173913,0.7043478260869566,0.0,0.2608695652173913,0.02608695652173913
149,149,LR-11A,2017-09-09,42.3125679,-83.2415233,614,13,1.0,0.0,1.0,0.0,0.08631921824104234,0.8778501628664495,0.0,0.09120521172638436,0.029315960912052116
150,150,LR-11A,2018-05-29,42.3125679,-83.2415233,232,12,1.0,1.0,0.0,1.0,0.14655172413793102,0.8017241379310345,0.0,0.16379310344827586,0.01293103448275862
151,151,LR-11A,2018-09-14,42.3125679,-83.2415233,224,14,1.0,2.0,1.0,1.0,0.10267857142857142,0.8526785714285714,0.03125,0.13839285714285715,0.07142857142857142
152,152,LR-11A,2019-08-24,42.3125679,-83.2415233,358,16,2.0,2.0,1.0,0.0,0.25977653631284914,0.7039106145251397,0.0,0.28212290502793297,0.03910614525139665
153,153,LR-11A,2020-08-21,42.3125679,-83.2415233,187,14,2.0,1.0,1.0,0.0,0.0427807486631016,0.9090909090909091,0.0,0.0481283422459893,0.026737967914438502
154,154,LR-11A,2021-09-03,42.3125679,-83.2415233,106,12,1.0,2.0,0.0,1.0,0.05660377358490566,0.9339622641509434,0.009433962264150943,0.05660377358490566,0.03773584905660377
155,155,LR-11A,2022-07-05,42.3125679,-83.2415233,67,16,1.0,6.0,2.0,3.0,0.16417910447761194,0.5223880597014925,0.07462686567164178,0.1791044776119403,0.08955223880597014
156,156,LR-12,2013-05-31,42.282317,-83.466103,97,14,2.0,5.0,1.0,2.0,0.4020618556701031,0.5567010309278351,0.010309278350515464,0.7525773195876289,0.23711340206185566
157,157,LR-12,2013-08-09,42.282317,-83.466103,221,16,2.0,5.0,2.0,2.0,0.24434389140271492,0.7239819004524887,0.00904977375565611,0.7601809954751131,0.3212669683257919
158,158,LR-12,2014-05-10,42.282317,-83.466103,37,8,2.0,2.0,1.0,0.0,0.5945945945945946,0.2972972972972973,0.0,0.7027027027027027,0.5675675675675675
159,159,LR-12,2014-07-11,42.282317,-83.466103,51,11,2.0,3.0,2.0,1.0,0.29411764705882354,0.5294117647058824,0.0196078431372549,0.6274509803921569,0.35294117647058826
160,160,LR-12,2014-08-09,42.282317,-83.466103,41,10,1.0,4.0,1.0,0.0,0.34146341463414637,0.5609756097560976,0.04878048780487805,0.7317073170731707,0.36585365853658536
161,161,LR-12,2015-05-29,42.282317,-83.466103,116,15,2.0,2.0,2.0,1.0,0.5258620689655172,0.43103448275862066,0.0,0.6982758620689655,0.3275862068965517
162,162,LR-12,2015-08-14,42.282317,-83.466103,124,14,2.0,2.0,2.0,2.0,0.5564516129032258,0.4032258064516129,0.0,0.8387096774193549,0.3467741935483871
163,163,LR-12,2015-09-12,42.282317,-83.466103,285,15,2.0,3.0,2.0,2.0,0.27017543859649124,0.712280701754386,0.0,0.6105263157894737,0.20701754385964913
164,164,LR-12,2016-05-19,42.282317,-83.466103,146,15,2.0,4.0,1.0,0.0,0.2328767123287671,0.6575342465753424,0.0,0.4726027397260274,0.18493150684931506
165,165,LR-12,2016-08-13,42.282317,-83.466103,111,13,1.0,2.0,2.0,1.0,0.3963963963963964,0.5855855855855856,0.0,0.5225225225225225,0.08108108108108109
166,166,LR-12,2017-05-03,42.282317,-83.466103,142,10,2.0,1.0,2.0,1.0,0.39436619718309857,0.6056338028169014,0.0,0.4788732394366197,0.13380281690140844
167,167,LR-12,2017-08-12,42.282317,-83.466103,172,12,2.0,1.0,1.0,1.0,0.2441860465116279,0.75,0.0,0.32558139534883723,0.12209302325581395
168,168,LR-12,2017-08-26,42.282317,-83.466103,108,11,1.0,2.0,1.0,0.0,0.5092592592592593,0.4722222222222222,0.0,0.5740740740740741,0.1574074074074074
169,169,LR-12,2018-09-14,42.282317,-83.466103,137,12,1.0,2.0,2.0,1.0,0.40875912408759124,0.5912408759124088,0.0,0.4744525547445255,0.17518248175182483
170,170,LR-12,2019-08-23,42.282317,-83.466103,153,12,1.0,3.0,1.0,2.0,0.20915032679738563,0.27450980392156865,0.47058823529411764,0.43790849673202614,0.0784313725490196
171,171,LR-12,2020-08-20,42.282317,-83.466103,123,14,1.0,4.0,2.0,2.0,0.35772357723577236,0.6016260162601627,0.008130081300813009,0.45528455284552843,0.0975609756097561
172,172,LR-12,2021-09-02,42.282317,-83.466103,82,12,2.0,3.0,1.0,1.0,0.2804878048780488,0.6951219512195121,0.0,0.3780487804878049,0.07317073170731707
173,173,LR-12,2022-07-20,42.282317,-83.466103,229,18,3.0,7.0,4.0,3.0,0.2794759825327511,0.6462882096069869,0.004366812227074236,0.3930131004366812,0.24017467248908297
174,174,LR-2,2013-05-10,42.281962,-83.503009,43,14,1.0,4.0,1.0,0.0,0.6046511627906976,0.3488372093023256,0.0,0.6976744186046512,0.3953488372093023
175,175,LR-2,2013-09-06,42.281962,-83.503009,42,5,1.0,2.0,0.0,0.0,0.11904761904761904,0.8809523809523809,0.0,0.2619047619047619,0.7380952380952381
176,176,LR-2,2014-05-03,42.281962,-83.503009,7,4,1.0,1.0,0.0,0.0,0.0,0.8571428571428571,0.0,0.42857142857142855,0.2857142857142857
177,177,LR-2,2014-08-22,42.281962,-83.503009,34,8,1.0,2.0,1.0,1.0,0.11764705882352941,0.6176470588235294,0.0,0.38235294117647056,0.2647058823529412
178,178,LR-2,2016-05-21,42.281962,-83.503009,49,8,1.0,4.0,0.0,1.0,0.22448979591836735,0.6530612244897959,0.02040816326530612,0.5510204081632653,0.0
179,179,LR-2,2016-08-12,42.281962,-83.503009,106,11,0.0,3.0,1.0,1.0,0.44339622641509435,0.42452830188679247,0.0,0.6698113207547169,0.41509433962264153
180,180,LR-2,2017-08-11,42.281962,-83.503009,208,13,1.0,3.0,1.0,0.0,0.1971153846153846,0.7355769230769231,0.004807692307692308,0.38461538461538464,0.25
181,181,LR-2,2018-05-11,42.281962,-83.503009,86,7,1.0,1.0,1.0,0.0,0.627906976744186,0.37209302325581395,0.0,0.813953488372093,0.03488372093023256
182,182,LR-2,2018-08-23,42.281962,-83.503009,127,10,1.0,0.0,1.0,0.0,0.03937007874015748,0.952755905511811,0.0,0.44881889763779526,0.023622047244094488
183,183,LR-2,2019-08-18,42.281962,-83.503009,161,15,1.0,4.0,1.0,1.0,0.22981366459627328,0.7142857142857143,0.012422360248447204,0.5527950310559007,0.049689440993788817
184,184,LR-2,2020-08-19,42.281962,-83.503009,56,7,0.0,3.0,1.0,0.0,0.08928571428571429,0.8035714285714286,0.07142857142857142,0.10714285714285714,0.05357142857142857
185,185,LR-2,2021-08-27,42.281962,-83.503009,171,11,1.0,3.0,0.0,0.0,0.023391812865497075,0.8304093567251462,0.005847953216374269,0.14619883040935672,0.011695906432748537
186,186,LR-2,2022-07-19,42.281962,-83.503009,138,15,1.0,2.0,3.0,3.0,0.13768115942028986,0.717391304347826,0.014492753623188406,0.42028985507246375,0.057971014492753624
187,187,LR-3,2015-08-29,42.284848,-83.381855,39,8,2.0,0.0,0.0,0.0,0.358974358974359,0.6153846153846154,0.0,0.38461538461538464,0.20512820512820512
188,188,LR-5,2013-05-18,42.300561,-83.4374797,174,13,2.0,2.0,1.0,0.0,0.40229885057471265,0.5747126436781609,0.0,0.7586206896551724,0.14367816091954022
189,189,LR-5,2013-08-10,42.300561,-83.4374797,189,10,1.0,4.0,1.0,0.0,0.31746031746031744,0.6666666666666666,0.0,0.7248677248677249,0.3386243386243386
190,190,LR-5,2014-06-13,42.300561,-83.4374797,126,8,1.0,2.0,1.0,0.0,0.36507936507936506,0.626984126984127,0.0,0.8571428571428571,0.15873015873015872
191,191,LR-5,2014-08-22,42.300561,-83.4374797,217,11,2.0,4.0,1.0,0.0,0.25806451612903225,0.7235023041474654,0.0,0.9170506912442397,0.2534562211981567
192,192,LR-5,2015-05-15,42.300561,-83.4374797,75,6,1.0,1.0,1.0,0.0,0.5733333333333334,0.4266666666666667,0.0,0.9066666666666666,0.26666666666666666
193,193,LR-5,2015-08-11,42.300561,-83.4374797,70,8,1.0,2.0,1.0,0.0,0.44285714285714284,0.5571428571428572,0.0,0.8142857142857143,0.2571428571428571
194,194,LR-5,2015-08-14,42.300561,-83.4374797,141,10,1.0,5.0,1.0,0.0,0.5602836879432624,0.425531914893617,0.0070921985815602835,0.900709219858156,0.24822695035460993
195,195,LR-5,2016-05-19,42.300561,-83.4374797,90,6,1.0,1.0,1.0,0.0,0.4,0.6,0.0,0.7,0.15555555555555556
196,196,LR-5,2016-08-25,42.300561,-83.4374797,176,10,1.0,3.0,1.0,0.0,0.4034090909090909,0.5965909090909091,0.0,0.9147727272727273,0.17045454545454544
197,197,LR-5,2022-07-11,42.300561,-83.4374797,99,10,1.0,3.0,1.0,0.0,0.3434343434343434,0.6363636363636364,0.0,0.6464646464646465,0.2222222222222222
198,198,LR-6,2013-06-07,42.285,-83.383888,51,9,2.0,3.0,1.0,0.0,0.23529411764705882,0.7647058823529411,0.0,0.5490196078431373,0.23529411764705882
199,199,LR-6,2013-09-06,42.285,-83.383888,106,14,2.0,5.0,1.0,1.0,0.0660377358490566,0.8584905660377359,0.018867924528301886,0.27358490566037735,0.37735849056603776
200,200,LR-6,2014-06-14,42.285,-83.383888,28,7,2.0,1.0,0.0,0.0,0.21428571428571427,0.7857142857142857,0.0,0.25,0.17857142857142858
201,201,LR-6,2014-08-01,42.285,-83.383888,60,9,2.0,3.0,1.0,0.0,0.16666666666666666,0.7833333333333333,0.05,0.48333333333333334,0.23333333333333334
202,202,LR-6,2022-06-28,42.285,-83.383888,107,15,1.0,3.0,2.0,1.0,0.27102803738317754,0.7102803738317757,0.009345794392523364,0.40186915887850466,0.2336448598130841
203,203,LR-8,2013-05-11,42.295976,-83.541846,31,7,1.0,1.0,1.0,0.0,0.1935483870967742,0.7096774193548387,0.0,0.22580645161290322,0.5483870967741935
204,204,LR-8,2013-09-13,42.295976,-83.541846,291,9,1.0,3.0,1.0,0.0,0.36082474226804123,0.570446735395189,0.030927835051546393,0.5807560137457045,0.41924398625429554
205,205,LR-8,2014-05-02,42.295976,-83.541846,137,7,1.0,0.0,1.0,0.0,0.4306569343065693,0.46715328467153283,0.0,0.5109489051094891,0.45255474452554745
206,206,LR-8,2014-09-05,42.295976,-83.541846,214,11,1.0,3.0,1.0,0.0,0.4439252336448598,0.3925233644859813,0.06542056074766354,0.6448598130841121,0.3364485981308411
207,207,Low10,2015-06-10,42.286124,-83.48359,57,13,2.0,3.0,1.0,1.0,0.5263157894736842,0.40350877192982454,0.0,0.7894736842105263,0.2982456140350877
208,208,Low10,2015-08-15,42.286124,-83.48359,78,6,1.0,2.0,1.0,0.0,0.21794871794871795,0.782051282051282,0.0,0.9487179487179487,0.1282051282051282
209,209,Low10,2016-05-21,42.286124,-83.48359,51,11,1.0,4.0,0.0,1.0,0.5882352941176471,0.3333333333333333,0.0,0.7843137254901961,0.13725490196078433
210,210,Low10,2016-08-12,42.286124,-83.48359,97,10,1.0,2.0,1.0,1.0,0.5360824742268041,0.41237113402061853,0.0,0.6701030927835051,0.21649484536082475
211,211,Low10,2017-08-11,42.286124,-83.48359,82,11,1.0,4.0,1.0,0.0,0.3170731707317073,0.573170731707317,0.024390243902439025,0.4024390243902439,0.2073170731707317
212,212,Low11,2015-08-06,42.2972147,-83.5254371,191,13,1.0,4.0,1.0,0.0,0.5235602094240838,0.35602094240837695,0.015706806282722512,0.8272251308900523,0.08376963350785341
213,213,Low11,2016-08-22,42.2972147,-83.5254371,208,13,1.0,6.0,1.0,1.0,0.32211538461538464,0.5144230769230769,0.038461538461538464,0.5865384615384616,0.27884615384615385
214,214,Low11,2017-05-19,42.2972147,-83.5254371,281,13,2.0,4.0,1.0,0.0,0.48398576512455516,0.5088967971530249,0.0035587188612099642,0.7544483985765125,0.15658362989323843
215,215,Low11,2017-07-28,42.2972147,-83.5254371,281,12,1.0,5.0,1.0,0.0,0.30604982206405695,0.6156583629893239,0.0498220640569395,0.7295373665480427,0.22419928825622776
216,216,Low11,2018-08-17,42.2972147,-83.5254371,208,14,1.0,4.0,1.0,0.0,0.2932692307692308,0.6634615384615384,0.004807692307692308,0.40865384615384615,0.18269230769230768
217,217,Low11,2019-08-16,42.2972147,-83.5254371,155,13,1.0,5.0,1.0,0.0,0.16129032258064516,0.7870967741935484,0.01935483870967742,0.5419354838709678,0.1032258064516129
218,218,Low11,2020-08-06,42.2972147,-83.5254371,190,17,1.0,5.0,1.0,1.0,0.07894736842105263,0.6894736842105263,0.12105263157894737,0.3526315789473684,0.031578947368421054
219,219,Low11,2021-07-08,42.2972147,-83.5254371,213,14,1.0,5.0,1.0,0.0,0.2347417840375587,0.6854460093896714,0.023474178403755867,0.7464788732394366,0.11737089201877934
220,220,Low11,2022-09-24,42.2972147,-83.5254371,186,14,1.0,5.0,1.0,0.0,0.10752688172043011,0.7903225806451613,0.03763440860215054,0.34946236559139787,0.1827956989247312
221,221,Low13,2021-09-02,42.2876032,-83.3592921,55,6,0.0,2.0,0.0,0.0,0.10909090909090909,0.8909090909090909,0.0,0.10909090909090909,0.05454545454545454
222,222,Low14,2022-06-28,42.302104,-83.270312,81,15,0.0,4.0,3.0,3.0,0.2222222222222222,0.6172839506172839,0.04938271604938271,0.3950617283950617,0.1728395061728395
223,223,Low2,2013-05-11,42.30724,-83.53793,31,8,0.0,4.0,0.0,0.0,0.4838709677419355,0.1935483870967742,0.0,0.5161290322580645,0.03225806451612903
224,224,Low2,2013-09-13,42.30724,-83.53793,155,11,1.0,5.0,1.0,1.0,0.2903225806451613,0.5096774193548387,0.10967741935483871,0.5161290322580645,0.1935483870967742
225,225,Low2,2014-05-02,42.30724,-83.53793,47,8,1.0,1.0,1.0,0.0,0.2127659574468085,0.7659574468085106,0.0,0.8936170212765957,0.1276595744680851
226,226,Low2,2014-08-23,42.30724,-83.53793,431,12,1.0,4.0,1.0,0.0,0.5266821345707656,0.23433874709976799,0.013921113689095127,0.6334106728538283,0.2111368909512761
227,227,Low2,2022-07-26,42.30724,-83.53793,56,5,1.0,1.0,0.0,0.0,0.39285714285714285,0.6071428571428571,0.0,0.875,0.26785714285714285
228,228,Low3,2013-06-01,42.3227,-83.565967,10,4,1.0,1.0,0.0,0.0,0.2,0.8,0.0,0.9,0.0
229,229,Low3,2013-09-13,42.3227,-83.565967,38,7,0.0,4.0,1.0,1.0,0.39473684210526316,0.21052631578947367,0.39473684210526316,0.5,0.02631578947368421
230,230,Low3,2014-05-02,42.3227,-83.565967,18,5,1.0,1.0,0.0,0.0,0.5,0.5,0.0,0.9444444444444444,0.1111111111111111
231,231,Low3,2014-08-23,42.3227,-83.565967,58,5,1.0,1.0,0.0,0.0,0.5689655172413793,0.43103448275862066,0.0,0.8620689655172413,0.0
232,232,Low4,2013-08-09,42.2866039,-83.4756605,99,10,2.0,3.0,1.0,0.0,0.2727272727272727,0.7171717171717171,0.0,0.8686868686868687,0.31313131313131315
233,233,Low4,2014-08-09,42.2866039,-83.4756605,64,11,1.0,2.0,2.0,1.0,0.71875,0.203125,0.0,0.84375,0.484375
234,234,Low4,2015-05-29,42.2866039,-83.4756605,147,15,2.0,3.0,2.0,2.0,0.40816326530612246,0.48299319727891155,0.0,0.6802721088435374,0.29931972789115646
235,235,Low4,2015-08-15,42.2866039,-83.4756605,88,12,2.0,2.0,1.0,0.0,0.2840909090909091,0.6477272727272727,0.0,0.8863636363636364,0.14772727272727273
236,236,Low4,2015-08-25,42.2866039,-83.4756605,241,18,2.0,3.0,1.0,1.0,0.5435684647302904,0.36929460580912865,0.0,0.8215767634854771,0.2821576763485477
237,237,Low4,2015-09-24,42.2866039,-83.4756605,306,17,2.0,2.0,2.0,2.0,0.8202614379084967,0.14052287581699346,0.0,0.9084967320261438,0.4542483660130719
238,238,Low4,2016-05-21,42.2866039,-83.4756605,38,11,2.0,1.0,1.0,1.0,0.21052631578947367,0.5789473684210527,0.0,0.39473684210526316,0.21052631578947367
239,239,Low4,2016-08-12,42.2866039,-83.4756605,50,9,1.0,2.0,1.0,1.0,0.26,0.68,0.0,0.48,0.26
240,240,Low4,2017-08-12,42.2866039,-83.4756605,97,12,1.0,4.0,1.0,0.0,0.24742268041237114,0.7216494845360825,0.010309278350515464,0.38144329896907214,0.16494845360824742
241,241,Low4,2018-05-11,42.2866039,-83.4756605,26,8,2.0,0.0,0.0,1.0,0.38461538461538464,0.5769230769230769,0.0,0.46153846153846156,0.15384615384615385
242,242,Low4,2018-08-23,42.2866039,-83.4756605,26,7,1.0,0.0,1.0,0.0,0.46153846153846156,0.5384615384615384,0.0,0.5769230769230769,0.2692307692307692
243,243,Low5,2013-08-10,42.282389,-83.437141,95,9,2.0,4.0,1.0,1.0,0.15789473684210525,0.8315789473684211,0.010526315789473684,0.7263157894736842,0.3157894736842105
244,244,Low5,2014-08-08,42.282389,-83.437141,68,9,2.0,2.0,1.0,0.0,0.4411764705882353,0.5441176470588235,0.0,0.7794117647058824,0.5588235294117647
245,245,Low5,2015-05-15,42.282389,-83.437141,67,9,2.0,3.0,1.0,0.0,0.40298507462686567,0.5970149253731343,0.0,0.7910447761194029,0.11940298507462686
246,246,Low5,2015-08-14,42.282389,-83.437141,64,11,2.0,3.0,1.0,0.0,0.578125,0.390625,0.03125,0.828125,0.109375
247,247,Low5,2016-05-19,42.282389,-83.437141,82,13,2.0,3.0,1.0,1.0,0.43902439024390244,0.5,0.0,0.5853658536585366,0.17073170731707318
248,248,Low5,2016-08-13,42.282389,-83.437141,107,10,2.0,3.0,1.0,0.0,0.34579439252336447,0.6355140186915887,0.0,0.5514018691588785,0.1588785046728972
249,249,Low5,2017-08-25,42.282389,-83.437141,141,12,2.0,2.0,1.0,0.0,0.3475177304964539,0.624113475177305,0.0,0.5177304964539007,0.18439716312056736
250,250,Low5,2018-05-25,42.282389,-83.437141,73,10,1.0,4.0,1.0,0.0,0.4657534246575342,0.5205479452054794,0.0136986301369863,0.5753424657534246,0.0821917808219178
251,251,Low5,2018-08-25,42.282389,-83.437141,182,14,2.0,3.0,2.0,1.0,0.2967032967032967,0.6923076923076923,0.0,0.45054945054945056,0.13736263736263737
252,252,Low6,2013-08-03,42.282611,-83.407008,75,10,2.0,3.0,1.0,0.0,0.22666666666666666,0.76,0.0,0.4666666666666667,0.30666666666666664
253,253,Low6,2014-08-02,42.282611,-83.407008,36,9,2.0,2.0,1.0,0.0,0.4166666666666667,0.5555555555555556,0.0,0.5277777777777778,0.5555555555555556
254,254,Low6,2015-05-29,42.282611,-83.407008,40,12,2.0,3.0,1.0,0.0,0.55,0.4,0.0,0.625,0.375
255,255,Low6,2015-08-07,42.282611,-83.407008,196,11,2.0,4.0,1.0,0.0,0.5357142857142857,0.45918367346938777,0.00510204081632653,0.8112244897959183,0.30612244897959184
256,256,Low6,2015-08-25,42.282611,-83.407008,219,16,2.0,4.0,3.0,1.0,0.5799086757990868,0.4063926940639269,0.0091324200913242,0.8493150684931506,0.2785388127853881
257,257,Low6,2015-09-24,42.282611,-83.407008,76,7,0.0,2.0,2.0,1.0,0.6052631578947368,0.3684210526315789,0.02631578947368421,0.9605263157894737,0.05263157894736842
258,258,Low6,2016-05-10,42.282611,-83.407008,51,8,2.0,2.0,1.0,0.0,0.27450980392156865,0.7254901960784313,0.0,0.3333333333333333,0.1568627450980392
259,259,Low6,2016-08-25,42.282611,-83.407008,112,12,2.0,3.0,1.0,0.0,0.25892857142857145,0.7142857142857143,0.017857142857142856,0.33035714285714285,0.11607142857142858
260,260,Low6,2017-09-08,42.282611,-83.407008,221,11,2.0,2.0,1.0,0.0,0.23529411764705882,0.755656108597285,0.0,0.3212669683257919,0.11312217194570136
261,261,Low7,2013-08-02,42.283278,-83.397352,98,11,2.0,3.0,1.0,0.0,0.32653061224489793,0.6428571428571429,0.0,0.7040816326530612,0.2755102040816326
262,262,Low7,2014-08-02,42.283278,-83.397352,56,9,2.0,2.0,1.0,0.0,0.4107142857142857,0.5357142857142857,0.03571428571428571,0.4642857142857143,0.48214285714285715
263,263,Low7,2015-05-07,42.283278,-83.397352,98,13,2.0,2.0,1.0,0.0,0.45918367346938777,0.5,0.0,0.5,0.30612244897959184
264,264,Low7,2015-08-01,42.283278,-83.397352,126,8,1.0,1.0,1.0,0.0,0.5396825396825397,0.4603174603174603,0.0,0.5714285714285714,0.16666666666666666
265,265,Low7,2016-05-10,42.283278,-83.397352,92,8,0.0,3.0,0.0,0.0,0.33695652173913043,0.5434782608695652,0.0,0.3804347826086957,0.021739130434782608
266,266,Low7,2016-08-27,42.283278,-83.397352,182,12,2.0,2.0,1.0,0.0,0.26373626373626374,0.7307692307692307,0.0,0.2692307692307692,0.12087912087912088
267,267,Low7,2017-05-31,42.283278,-83.397352,154,10,1.0,2.0,1.0,0.0,0.35064935064935066,0.6363636363636364,0.0,0.35064935064935066,0.06493506493506493
268,268,Low7,2017-09-08,42.283278,-83.397352,221,15,1.0,3.0,1.0,1.0,0.40271493212669685,0.5701357466063348,0.004524886877828055,0.4117647058823529,0.11312217194570136
269,269,Low7,2018-05-25,42.283278,-83.397352,100,9,0.0,2.0,1.0,0.0,0.3,0.67,0.0,0.32,0.05
270,270,Low7,2018-08-25,42.283278,-83.397352,155,14,2.0,2.0,2.0,2.0,0.16774193548387098,0.8193548387096774,0.0,0.2064516129032258,0.2129032258064516
271,271,Low7,2019-08-23,42.283278,-83.397352,195,14,2.0,4.0,2.0,1.0,0.3128205128205128,0.6666666666666666,0.010256410256410256,0.3333333333333333,0.06666666666666667
272,272,Low7,2020-08-20,42.283278,-83.397352,124,12,1.0,3.0,1.0,0.0,0.08064516129032258,0.9032258064516129,0.0,0.08870967741935484,0.10483870967741936
273,273,Low8,2013-08-02,42.285374,-83.388726,94,11,2.0,3.0,1.0,0.0,0.30851063829787234,0.6808510638297872,0.010638297872340425,0.4787234042553192,0.26595744680851063
274,274,Low8,2014-08-01,42.285374,-83.388726,79,7,2.0,1.0,1.0,0.0,0.2911392405063291,0.7088607594936709,0.0,0.379746835443038,0.27848101265822783
275,275,Low8,2014-08-23,42.285374,-83.388726,50,11,1.0,3.0,1.0,0.0,0.22,0.76,0.02,0.28,0.24
276,276,Low8,2015-05-16,42.285374,-83.388726,121,9,1.0,1.0,1.0,0.0,0.2975206611570248,0.7024793388429752,0.0,0.30578512396694213,0.06611570247933884
277,277,Low8,2015-08-01,42.285374,-83.388726,190,9,1.0,1.0,1.0,0.0,0.7947368421052632,0.1736842105263158,0.0,0.8,0.23157894736842105
278,278,Low8,2016-05-20,42.285374,-83.388726,147,7,1.0,2.0,1.0,0.0,0.23809523809523808,0.7619047619047619,0.0,0.2925170068027211,0.006802721088435374
279,279,Low8,2016-08-27,42.285374,-83.388726,182,11,2.0,2.0,1.0,0.0,0.25274725274725274,0.7252747252747253,0.0,0.2692307692307692,0.10989010989010989
280,280,Low8,2017-05-03,42.285374,-83.388726,173,7,1.0,2.0,1.0,0.0,0.3815028901734104,0.6184971098265896,0.0,0.3872832369942196,0.05202312138728324
281,281,Low8,2017-09-09,42.285374,-83.388726,168,14,2.0,4.0,1.0,0.0,0.35714285714285715,0.6190476190476191,0.005952380952380952,0.36904761904761907,0.17857142857142858
282,282,Low9,2015-08-29,42.283461,-83.505311,74,9,1.0,2.0,1.0,0.0,0.2972972972972973,0.6621621621621622,0.02702702702702703,0.9324324324324325,0.04054054054054054
283,283,Low9,2016-08-22,42.283461,-83.505311,202,10,1.0,3.0,1.0,1.0,0.14356435643564355,0.7722772277227723,0.024752475247524754,0.8910891089108911,0.034653465346534656
284,284,Low9,2017-05-19,42.283461,-83.505311,154,10,1.0,4.0,1.0,0.0,0.2987012987012987,0.6883116883116883,0.0,0.8766233766233766,0.07142857142857142
285,285,Low9,2017-07-28,42.283461,-83.505311,332,9,1.0,4.0,1.0,0.0,0.3795180722891566,0.5753012048192772,0.024096385542168676,0.9186746987951807,0.09036144578313253
286,286,Low9,2018-05-05,42.283461,-83.505311,116,8,1.0,0.0,1.0,0.0,0.33620689655172414,0.646551724137931,0.0,0.9741379310344828,0.1206896551724138
287,287,Low9,2018-08-17,42.283461,-83.505311,204,13,1.0,4.0,1.0,0.0,0.18137254901960784,0.7205882352941176,0.0196078431372549,0.8186274509803921,0.05392156862745098
288,288,Low9,2019-08-18,42.283461,-83.505311,279,13,1.0,4.0,1.0,0.0,0.22580645161290322,0.7240143369175627,0.017921146953405017,0.6057347670250897,0.08960573476702509
289,289,Low9,2020-08-19,42.283461,-83.505311,165,12,1.0,4.0,1.0,0.0,0.12121212121212122,0.8242424242424242,0.048484848484848485,0.6242424242424243,0.07878787878787878
290,290,Low9,2021-08-27,42.283461,-83.505311,331,14,1.0,4.0,1.0,0.0,0.0634441087613293,0.9033232628398792,0.021148036253776436,0.36555891238670696,0.03625377643504532
291,291,Low9,2022-09-24,42.283461,-83.505311,167,13,2.0,3.0,1.0,0.0,0.23952095808383234,0.7365269461077845,0.0,0.5209580838323353,0.08383233532934131
292,292,MN-2,2016-09-15,42.399722,-83.271389,384,3,5.0,0.0,0.0,0.0,0.9479166666666666,0.052083333333333336,0.0,1.0,0.0
293,293,MN-2,2017-05-27,42.399722,-83.271389,197,8,1.0,4.0,0.0,1.0,0.8375634517766497,0.13705583756345177,0.005076142131979695,0.8883248730964467,0.015228426395939087
294,294,MN-2,2017-09-14,42.399722,-83.271389,143,5,1.0,0.0,1.0,0.0,0.972027972027972,0.02097902097902098,0.0,0.993006993006993,0.02097902097902098
295,295,MN-2,2020-07-31,42.399722,-83.271389,162,5,1.0,2.0,1.0,0.0,0.9197530864197531,0.08024691358024691,0.0,0.9938271604938271,0.012345679012345678
296,296,MN-2,2022-06-23,42.399722,-83.271389,167,4,2.0,1.0,2.0,0.0,0.9760479041916168,0.017964071856287425,0.0,0.9760479041916168,0.9880239520958084
297,297,MN-5,2016-10-10,42.443614,-83.284906,133,8,16.0,3.0,8.0,2.0,0.13533834586466165,0.849624060150376,0.015037593984962405,0.7293233082706767,0.3383458646616541
298,298,MN-5,2017-09-14,42.443614,-83.284906,157,13,2.0,4.0,1.0,1.0,0.39490445859872614,0.4968152866242038,0.01910828025477707,0.8407643312101911,0.19745222929936307
299,299,MN-5,2022-07-27,42.443614,-83.284906,63,9,2.0,4.0,1.0,1.0,0.49206349206349204,0.31746031746031744,0.19047619047619047,0.6507936507936508,0.5555555555555556
300,300,MN-6,2018-09-28,42.431922,-83.271534,56,5,1.0,2.0,1.0,0.0,0.10714285714285714,0.8928571428571429,0.0,0.9464285714285714,0.07142857142857142
301,301,MN-7,2016-09-15,42.348736,-83.24721,226,5,2.0,0.0,0.0,0.0,0.9601769911504425,0.03982300884955752,0.0,0.9734513274336283,0.022123893805309734
302,302,MN-7,2017-05-27,42.348736,-83.24721,47,3,0.0,1.0,0.0,0.0,0.9787234042553191,0.02127659574468085,0.0,0.9787234042553191,0.0
303,303,MN-7A,2017-09-15,42.3460164,-83.2470989,260,9,1.0,0.0,1.0,0.0,0.9115384615384615,0.08846153846153847,0.0,0.9384615384615385,0.057692307692307696
304,304,MN-7A,2020-07-31,42.3460164,-83.2470989,179,8,1.0,0.0,1.0,1.0,0.7653631284916201,0.2346368715083799,0.0,0.8044692737430168,0.055865921787709494
305,305,MN-7A,2021-08-20,42.3460164,-83.2470989,130,8,1.0,3.0,1.0,0.0,0.5615384615384615,0.43846153846153846,0.0,0.5769230769230769,0.007692307692307693
306,306,MN-7A,2022-07-27,42.3460164,-83.2470989,168,14,1.0,4.0,1.0,1.0,0.7916666666666666,0.17857142857142858,0.011904761904761904,0.8154761904761905,0.5595238095238095
307,307,MR-11,2014-09-26,42.34516,-83.3629,35,5,1.0,1.0,0.0,0.0,0.11428571428571428,0.8857142857142857,0.0,0.6,0.0
308,308,MR-11,2015-07-10,42.34516,-83.3629,66,6,2.0,0.0,1.0,0.0,0.045454545454545456,0.9545454545454546,0.0,0.7575757575757576,0.16666666666666666
309,309,MR-11,2016-06-17,42.34516,-83.3629,153,8,1.0,2.0,1.0,1.0,0.1568627450980392,0.8300653594771242,0.013071895424836602,0.43790849673202614,0.1568627450980392
310,310,MR-11,2022-07-05,42.34516,-83.3629,47,10,2.0,2.0,1.0,2.0,0.2553191489361702,0.6595744680851063,0.0851063829787234,0.48936170212765956,0.3829787234042553
311,311,MR-12,2015-08-28,42.33975,-83.34093,114,12,2.0,0.0,1.0,0.0,0.3157894736842105,0.6578947368421053,0.0,0.6491228070175439,0.32456140350877194
312,312,MR-12,2016-06-24,42.33975,-83.34093,116,8,2.0,0.0,1.0,0.0,0.20689655172413793,0.7844827586206896,0.0,0.6206896551724138,0.1810344827586207
313,313,MR-12,2021-05-27,42.33975,-83.34093,73,9,2.0,2.0,0.0,1.0,0.2054794520547945,0.7808219178082192,0.0136986301369863,0.2328767123287671,0.4657534246575342
314,314,MR-13,2014-09-26,42.34432,-83.26865,49,6,1.0,0.0,0.0,0.0,0.5714285714285714,0.3877551020408163,0.0,0.7346938775510204,0.22448979591836735
315,315,MR-13,2015-07-10,42.34432,-83.26865,22,8,1.0,2.0,1.0,0.0,0.6818181818181818,0.2727272727272727,0.045454545454545456,0.7727272727272727,0.3181818181818182
316,316,MR-13,2016-06-24,42.34432,-83.26865,59,7,1.0,1.0,1.0,0.0,0.4067796610169492,0.5932203389830508,0.0,0.7457627118644068,0.288135593220339
317,317,MR-15,2016-06-24,42.3306,-83.2483,81,6,5.0,0.0,5.0,0.0,0.49382716049382713,0.5061728395061729,0.0,0.8888888888888888,0.16049382716049382
318,318,MR-15,2022-06-22,42.3306,-83.2483,21,10,2.0,3.0,0.0,1.0,0.09523809523809523,0.8095238095238095,0.09523809523809523,0.19047619047619047,0.19047619047619047
319,319,MR-16,2015-07-11,42.3519,-83.375,13,4,5.0,1.0,3.0,0.0,0.23076923076923078,0.7692307692307693,0.0,0.8461538461538461,0.3076923076923077
320,320,MR-17,2015-07-11,42.370466,-83.437574,139,10,2.0,4.0,1.0,4.0,0.4892086330935252,0.45323741007194246,0.03597122302158273,0.8561151079136691,0.28776978417266186
321,321,MR-17,2016-06-16,42.370466,-83.437574,72,11,2.0,4.0,1.0,3.0,0.1388888888888889,0.7916666666666666,0.041666666666666664,0.2638888888888889,0.1111111111111111
322,322,MR-17,2017-05-24,42.370466,-83.437574,136,8,1.0,4.0,0.0,3.0,0.058823529411764705,0.9044117647058824,0.03676470588235294,0.058823529411764705,0.39705882352941174
323,323,MR-18,2015-07-11,42.390248,-83.466365,165,13,9.0,13.0,4.0,14.0,0.6242424242424243,0.26666666666666666,0.09696969696969697,0.6666666666666666,0.21212121212121213
324,324,MR-18,2021-05-22,42.390248,-83.466365,12,5,1.0,2.0,0.0,3.0,0.16666666666666666,0.16666666666666666,0.6666666666666666,0.08333333333333333,0.16666666666666666
325,325,MR-18,2022-08-09,42.390248,-83.466365,102,13,1.0,6.0,1.0,2.0,0.4117647058823529,0.06862745098039216,0.5196078431372549,0.43137254901960786,0.22549019607843138
326,326,MR-20,2015-06-19,42.411952,-83.471703,168,12,10.0,10.0,9.0,23.0,0.23809523809523808,0.6726190476190477,0.05357142857142857,0.24404761904761904,0.7916666666666666
327,327,MR-22,2012-05-29,42.43033,-83.544423,376,8,0.0,3.0,2.0,3.0,0.9680851063829787,0.026595744680851064,0.0,0.9680851063829787,0.12234042553191489
328,328,MR-4,2014-09-26,42.36445,-83.40406,113,7,1.0,2.0,1.0,1.0,0.5398230088495575,0.4336283185840708,0.02654867256637168,0.5486725663716814,0.035398230088495575
329,329,MR-4,2015-07-10,42.36445,-83.40406,146,8,2.0,1.0,1.0,0.0,0.17123287671232876,0.8287671232876712,0.0,0.3698630136986301,0.03424657534246575
330,330,MR-4,2015-08-18,42.36445,-83.40406,575,16,0.0,6.0,1.0,2.0,0.56,0.3165217391304348,0.11826086956521739,0.5495652173913044,0.13217391304347825
331,331,MR-4,2016-06-16,42.36445,-83.40406,96,7,1.0,1.0,1.0,0.0,0.25,0.75,0.0,0.2604166666666667,0.020833333333333332
332,332,MR-4,2021-05-22,42.36445,-83.40406,21,6,0.0,3.0,1.0,2.0,0.09523809523809523,0.5714285714285714,0.3333333333333333,0.09523809523809523,0.09523809523809523
333,333,MR-4,2022-06-06,42.36445,-83.40406,23,6,0.0,4.0,0.0,2.0,0.0,0.7391304347826086,0.2608695652173913,0.0,0.0
334,334,MR-4,2022-07-13,42.36445,-83.40406,41,9,0.0,4.0,0.0,2.0,0.12195121951219512,0.3902439024390244,0.43902439024390244,0.04878048780487805,0.0
335,335,MR-8,2015-10-16,42.34893,-83.31455,41,9,1.0,1.0,1.0,0.0,0.6829268292682927,0.3170731707317073,0.0,0.7804878048780488,0.21951219512195122
336,336,MR-8,2016-06-17,42.34893,-83.31455,89,9,1.0,2.0,1.0,0.0,0.3707865168539326,0.6179775280898876,0.0,0.6966292134831461,0.25842696629213485
337,337,MR-8,2021-05-27,42.34893,-83.31455,129,11,2.0,2.0,1.0,1.0,0.20155038759689922,0.7906976744186046,0.007751937984496124,0.26356589147286824,0.15503875968992248
338,338,MR-9,2015-10-16,42.34732,-83.29135,39,8,1.0,0.0,0.0,0.0,0.717948717948718,0.28205128205128205,0.0,0.8717948717948718,0.02564102564102564
339,339,MR-9,2016-06-17,42.34732,-83.29135,46,9,1.0,0.0,1.0,0.0,0.8043478260869565,0.1956521739130435,0.0,0.8260869565217391,0.2608695652173913
340,340,MR-9,2022-07-13,42.34732,-83.29135,60,10,0.0,3.0,1.0,1.0,0.6333333333333333,0.3,0.05,0.6666666666666666,0.55
341,341,Main1,2016-09-23,42.60991,-83.17984,180,15,7.0,45.0,1.0,12.0,0.26666666666666666,0.5277777777777778,0.1388888888888889,0.37777777777777777,0.2388888888888889
342,342,Main1,2020-07-30,42.60991,-83.17984,316,14,1.0,4.0,1.0,1.0,0.37658227848101267,0.5537974683544303,0.060126582278481014,0.49050632911392406,0.08544303797468354
343,343,Main1,2021-06-11,42.60991,-83.17984,106,6,1.0,3.0,0.0,1.0,0.27358490566037735,0.7169811320754716,0.009433962264150943,0.4528301886792453,0.42452830188679247
344,344,Main10,2011-08-29,42.312949,-83.232347,308,9,1.0,2.0,0.0,1.0,0.03571428571428571,0.7532467532467533,0.048701298701298704,0.03896103896103896,0.0
345,345,Main10,2013-06-21,42.312949,-83.232347,338,12,1.0,3.0,0.0,0.0,0.23076923076923078,0.7544378698224852,0.008875739644970414,0.23668639053254437,0.029585798816568046
346,346,Main10,2013-09-07,42.312949,-83.232347,220,13,2.0,2.0,0.0,1.0,0.2,0.759090909090909,0.004545454545454545,0.22727272727272727,0.00909090909090909
347,347,Main10,2014-07-21,42.312949,-83.232347,145,9,2.0,3.0,0.0,0.0,0.09655172413793103,0.896551724137931,0.006896551724137931,0.10344827586206896,0.006896551724137931
348,348,Main10,2014-09-26,42.312949,-83.232347,585,12,1.0,4.0,0.0,2.0,0.06153846153846154,0.9196581196581196,0.015384615384615385,0.06153846153846154,0.0017094017094017094
349,349,Main10,2016-07-13,42.312949,-83.232347,51,12,0.0,3.0,1.0,1.0,0.23529411764705882,0.3137254901960784,0.37254901960784315,0.23529411764705882,0.23529411764705882
350,350,Main10,2022-07-22,42.312949,-83.232347,78,18,0.0,5.0,2.0,2.0,0.5,0.15384615384615385,0.23076923076923078,0.5256410256410257,0.038461538461538464
351,351,Main11,2016-09-28,42.554445,-83.226312,124,9,0.0,36.0,3.0,7.0,0.33064516129032256,0.49193548387096775,0.1774193548387097,0.33064516129032256,0.056451612903225805
352,352,Main11,2022-06-29,42.554445,-83.226312,107,9,0.0,5.0,1.0,1.0,0.14018691588785046,0.616822429906542,0.2336448598130841,0.14018691588785046,0.07476635514018691
353,353,Main12,2017-09-29,42.304944,-83.219585,372,17,0.0,2.0,1.0,1.0,0.08870967741935484,0.717741935483871,0.002688172043010753,0.08870967741935484,0.010752688172043012
354,354,Main12,2019-09-06,42.304944,-83.219585,248,12,2.0,3.0,0.0,0.0,0.11693548387096774,0.7862903225806451,0.0,0.12096774193548387,0.004032258064516129
355,355,Main12,2020-08-07,42.304944,-83.219585,629,18,1.0,4.0,2.0,1.0,0.2178060413354531,0.5993640699523053,0.022257551669316374,0.22098569157392686,0.0047694753577106515
356,356,Main12,2022-07-22,42.304944,-83.219585,110,15,0.0,4.0,2.0,1.0,0.4727272727272727,0.2,0.07272727272727272,0.45454545454545453,0.10909090909090909
357,357,Main12N,2017-09-29,42.30589,-83.221978,130,8,0.0,1.0,1.0,0.0,0.4307692307692308,0.47692307692307695,0.0,0.4307692307692308,0.015384615384615385
358,358,Main12N,2019-09-06,42.30589,-83.221978,393,12,1.0,2.0,0.0,0.0,0.17048346055979643,0.7659033078880407,0.015267175572519083,0.17302798982188294,0.0
359,359,Main12N,2020-08-07,42.30589,-83.221978,396,18,2.0,4.0,0.0,0.0,0.12878787878787878,0.803030303030303,0.050505050505050504,0.1388888888888889,0.015151515151515152
360,360,Main12N,2022-07-22,42.30589,-83.221978,31,13,0.0,5.0,1.0,0.0,0.3870967741935484,0.16129032258064516,0.0967741935483871,0.3870967741935484,0.06451612903225806
361,361,Main13,2016-09-23,42.59005,-83.18976,247,11,3.0,17.0,1.0,1.0,0.04048582995951417,0.7611336032388664,0.016194331983805668,0.05668016194331984,0.611336032388664
362,362,Main13,2018-06-01,42.59005,-83.18976,366,12,1.0,4.0,1.0,1.0,0.08196721311475409,0.6775956284153005,0.030054644808743168,0.09016393442622951,0.6284153005464481
363,363,Main13,2022-06-24,42.59005,-83.18976,143,10,1.0,4.0,1.0,1.0,0.17482517482517482,0.7272727272727273,0.04195804195804196,0.4125874125874126,0.5454545454545454
364,364,Main14,2016-10-10,42.33082,-83.24434,89,5,1.0,0.0,1.0,0.0,0.9550561797752809,0.0449438202247191,0.0,0.9662921348314607,0.011235955056179775
365,365,Main14,2017-09-15,42.33082,-83.24434,219,6,1.0,0.0,1.0,0.0,0.908675799086758,0.091324200913242,0.0,0.9497716894977168,0.0136986301369863
366,366,Main15,2017-06-24,42.5642705,-83.2122517,91,10,1.0,3.0,1.0,1.0,0.3516483516483517,0.5604395604395604,0.06593406593406594,0.6263736263736264,0.25274725274725274
367,367,Main16,2017-07-14,42.5698649,-83.2571411,224,10,0.0,2.0,1.0,2.0,0.13839285714285715,0.8571428571428571,0.0,0.13839285714285715,0.03571428571428571
368,368,Main17,2017-06-24,42.4957582,-83.2765335,160,12,2.0,3.0,1.0,1.0,0.33125,0.58125,0.0,0.53125,0.55
369,369,Main17,2021-05-08,42.4957582,-83.2765335,280,13,2.0,1.0,1.0,1.0,0.26785714285714285,0.6571428571428571,0.0,0.3607142857142857,0.7035714285714286
370,370,Main18,2017-07-14,42.581007,-83.197579,151,13,1.0,4.0,1.0,2.0,0.31788079470198677,0.6225165562913907,0.033112582781456956,0.4768211920529801,0.3973509933774834
371,371,Main18,2018-06-01,42.581007,-83.197579,166,10,1.0,3.0,1.0,2.0,0.5602409638554217,0.41566265060240964,0.006024096385542169,0.6927710843373494,0.26506024096385544
372,372,Main18,2022-06-24,42.581007,-83.197579,137,9,1.0,4.0,1.0,1.0,0.3284671532846715,0.635036496350365,0.0364963503649635,0.5182481751824818,0.3722627737226277
373,373,Main19,2018-06-22,42.456957,-83.305917,125,13,2.0,4.0,1.0,2.0,0.248,0.728,0.024,0.68,0.36
374,374,Main19,2022-06-30,42.456957,-83.305917,81,10,2.0,4.0,1.0,1.0,0.32098765432098764,0.654320987654321,0.024691358024691357,0.4444444444444444,0.6666666666666666
375,375,Main20,2020-08-07,42.33006,-83.2415,267,13,2.0,3.0,1.0,1.0,0.17228464419475656,0.8239700374531835,0.003745318352059925,0.29213483146067415,0.0149812734082397
376,376,Main20,2021-08-20,42.33006,-83.2415,130,10,1.0,3.0,1.0,0.0,0.25384615384615383,0.7461538461538462,0.0,0.3153846153846154,0.06153846153846154
377,377,Main20,2022-06-22,42.33006,-83.2415,90,8,1.0,3.0,2.0,0.0,0.7444444444444445,0.25555555555555554,0.0,0.8111111111111111,0.6888888888888889
378,378,Main21,2022-07-22,42.307632,-83.220396,27,4,0.0,0.0,1.0,0.0,0.18518518518518517,0.037037037037037035,0.0,0.18518518518518517,0.037037037037037035
379,379,Main3,2016-09-28,42.5487974,-83.2177051,218,10,10.0,6.0,6.0,2.0,0.26146788990825687,0.5871559633027523,0.04128440366972477,0.48623853211009177,0.3761467889908257
380,380,Main3,2022-06-29,42.5487974,-83.2177051,90,7,0.0,1.0,1.0,2.0,0.36666666666666664,0.36666666666666664,0.23333333333333334,0.36666666666666664,0.6222222222222222
381,381,Main4.5,2016-09-28,42.53718,-83.22861,202,9,4.0,7.0,0.0,3.0,0.04455445544554455,0.7277227722772277,0.039603960396039604,0.10396039603960396,0.6633663366336634
382,382,Main5,2016-10-06,42.52219,-83.24692,70,14,7.0,11.0,4.0,4.0,0.18571428571428572,0.6428571428571429,0.11428571428571428,0.3,0.5428571428571428
383,383,Main5,2018-09-28,42.52219,-83.24692,97,13,1.0,4.0,1.0,2.0,0.422680412371134,0.5257731958762887,0.010309278350515464,0.5979381443298969,0.25773195876288657
384,384,Main5,2022-06-23,42.52219,-83.24692,79,12,2.0,2.0,1.0,2.0,0.3037974683544304,0.5316455696202531,0.05063291139240506,0.3291139240506329,0.6582278481012658
385,385,Main6,2015-09-18,42.47882,-83.284548,231,11,2.0,2.0,1.0,1.0,0.5714285714285714,0.2857142857142857,0.0,0.7012987012987013,0.43722943722943725
386,386,Main6,2022-07-07,42.47882,-83.284548,407,18,2.0,4.0,1.0,2.0,0.5945945945945946,0.3144963144963145,0.044226044226044224,0.7272727272727273,0.5945945945945946
387,387,Main8,2012-06-15,42.29352,-83.14873,318,16,0.0,6.0,0.0,2.0,0.6415094339622641,0.1540880503144654,0.16037735849056603,0.6446540880503144,0.0
388,388,Mid4,2014-10-10,42.366466,-83.423351,50,5,0.0,3.0,0.0,0.0,0.3,0.66,0.02,0.3,0.0
389,389,Min2,2012-05-17,42.493065,-83.37734,295,13,9.0,3.0,6.0,6.0,0.29491525423728815,0.6915254237288135,0.0,0.44745762711864406,0.5932203389830508
390,390,Min2,2022-06-16,42.493065,-83.37734,87,10,1.0,2.0,1.0,1.0,0.27586206896551724,0.6781609195402298,0.0,0.367816091954023,0.16091954022988506
391,391,Min3,2012-05-17,42.500565,-83.37127,416,9,8.0,0.0,0.0,1.0,0.3629807692307692,0.6322115384615384,0.0,0.5264423076923077,0.6201923076923077
392,392,Min3A,2012-05-17,42.50056,-83.3732,379,10,7.0,7.0,4.0,0.0,0.21108179419525067,0.7783641160949868,0.0,0.25857519788918204,0.7704485488126649
393,393,Min4,2012-05-15,42.526938,-83.421444,429,11,10.0,6.0,13.0,0.0,0.5431235431235432,0.42424242424242425,0.0,0.7412587412587412,0.358974358974359
394,394,Min5,2012-05-15,42.510799,-83.378381,94,12,1.0,2.0,1.0,0.0,0.8085106382978723,0.1595744680851064,0.0,0.851063829787234,0.8085106382978723
395,395,Mur2,2016-10-03,42.59375,-83.25174,200,5,0.0,7.0,0.0,0.0,0.95,0.05,0.0,0.955,0.415
396,396,Nott,2016-10-03,42.51149,-83.26463,264,10,9.0,10.0,6.0,0.0,0.4015151515151515,0.25,0.0,0.5113636363636364,0.12878787878787878
397,397,Nott2,2019-06-19,42.527109,-83.267861,93,5,1.0,1.0,0.0,0.0,0.9247311827956989,0.06451612903225806,0.0,0.978494623655914,0.13978494623655913
398,398,Nott2,2021-08-23,42.527109,-83.267861,175,5,1.0,0.0,0.0,0.0,0.9257142857142857,0.05142857142857143,0.0,0.9771428571428571,0.38857142857142857
399,399,Peb2,2016-10-04,42.51521,-83.34402,240,8,0.0,4.0,10.0,0.0,0.9333333333333333,0.058333333333333334,0.0,0.9625,0.4041666666666667
400,400,Peb2,2017-04-26,42.51521,-83.34402,419,7,0.0,0.0,1.0,0.0,0.9331742243436754,0.03818615751789976,0.0,0.9331742243436754,0.5871121718377088
401,401,Peb2,2022-06-30,42.51521,-83.34402,120,5,0.0,1.0,1.0,0.0,0.9833333333333333,0.016666666666666666,0.0,0.9916666666666667,0.8083333333333333
402,402,Peb3,2016-10-04,42.500849,-83.324474,370,8,0.0,2.0,7.0,0.0,0.8513513513513513,0.01891891891891892,0.0,0.8567567567567568,0.6783783783783783
403,403,Peb4,2016-10-04,42.4716,-83.30391,230,11,13.0,7.0,10.0,0.0,0.43478260869565216,0.4608695652173913,0.0,0.6260869565217392,0.41304347826086957
404,404,Peb5,2017-04-26,42.521306,-83.357611,327,10,0.0,1.0,1.0,0.0,0.6146788990825688,0.3302752293577982,0.0,0.6422018348623854,0.5626911314984709
405,405,Rav,2016-10-06,42.47027,-83.33097,218,8,0.0,7.0,4.0,0.0,0.8990825688073395,0.10091743119266056,0.0,0.9036697247706422,0.6743119266055045
406,406,See2,2012-05-22,42.48927,-83.40099,77,10,2.0,2.0,0.0,5.0,0.5324675324675324,0.44155844155844154,0.0,0.5454545454545454,0.5064935064935064
407,407,See3,2012-05-18,42.51073,-83.4304,159,13,5.0,1.0,0.0,3.0,0.5220125786163522,0.36477987421383645,0.0,0.5911949685534591,0.4779874213836478
408,408,See3,2018-06-14,42.51073,-83.4304,112,10,1.0,2.0,1.0,1.0,0.7053571428571429,0.29464285714285715,0.0,0.8303571428571429,0.22321428571428573
409,409,See3,2020-07-29,42.51073,-83.4304,209,14,1.0,3.0,1.0,1.0,0.5406698564593302,0.3157894736842105,0.014354066985645933,0.6507177033492823,0.46411483253588515
410,410,See3,2022-06-15,42.51073,-83.4304,181,14,2.0,3.0,2.0,1.0,0.6464088397790055,0.3149171270718232,0.0,0.6961325966850829,0.5082872928176796
411,411,See4,2012-05-18,42.516904,-83.436534,41,6,0.0,1.0,0.0,0.0,0.7560975609756098,0.024390243902439025,0.0,0.7560975609756098,0.3170731707317073
412,412,SeeBosch,2012-06-19,42.491667,-83.421528,260,11,4.0,1.0,2.0,2.0,0.7961538461538461,0.18461538461538463,0.0,0.8384615384615385,0.39615384615384613
413,413,SeeSTO,2012-05-15,42.527377,-83.450018,41,1,0.0,0.0,0.0,0.0,1.0,0.0,0.0,1.0,0.0
414,414,SimpL,2018-08-24,42.6066819,-83.3223617,67,12,2.0,6.0,0.0,4.0,0.08955223880597014,0.7611940298507462,0.11940298507462686,0.08955223880597014,0.0
415,415,Sprag,2016-09-23,42.6159714,-83.1920726,67,8,7.0,9.0,1.0,1.0,0.5373134328358209,0.3582089552238806,0.014925373134328358,0.6865671641791045,0.029850746268656716
416,416,Tar2,2016-09-22,42.441084,-83.38423,566,11,7.0,6.0,9.0,0.0,0.6236749116607774,0.3745583038869258,0.0017667844522968198,0.7950530035335689,0.29858657243816256
417,417,Tar2,2022-06-17,42.441084,-83.38423,171,8,1.0,2.0,1.0,0.0,0.6491228070175439,0.3508771929824561,0.0,0.6900584795321637,0.4619883040935672
418,418,Ton1,2015-08-28,42.36701,-83.49895,117,10,3.0,5.0,1.0,3.0,0.49572649572649574,0.48717948717948717,0.017094017094017096,0.5042735042735043,0.1282051282051282
419,419,Ton1,2022-06-14,42.36701,-83.49895,42,7,1.0,3.0,0.0,2.0,0.5714285714285714,0.40476190476190477,0.023809523809523808,0.6190476190476191,0.2619047619047619
420,420,Ton3,2015-08-28,42.334626,-83.418158,64,10,1.0,6.0,0.0,0.0,0.703125,0.28125,0.0,0.75,0.21875
421,421,Ton3,2022-06-14,42.334626,-83.418158,64,8,1.0,2.0,1.0,0.0,0.71875,0.28125,0.0,0.828125,0.453125
422,422,ULL,2017-09-23,42.597873,-83.315586,399,15,2.0,4.0,0.0,5.0,0.08771929824561403,0.7719298245614035,0.07017543859649122,0.08771929824561403,0.03007518796992481
423,423,ULL,2018-08-29,42.597873,-83.315586,249,13,2.0,5.0,0.0,6.0,0.08032128514056225,0.7429718875502008,0.05220883534136546,0.08032128514056225,0.0
424,424,ULL,2020-07-20,42.597873,-83.315586,196,15,1.0,4.0,0.0,4.0,0.07653061224489796,0.4846938775510204,0.30612244897959184,0.0663265306122449,0.0
425,425,UR-1,2016-09-22,42.4111,-83.3029,572,10,8.0,2.0,12.0,0.0,0.715034965034965,0.28321678321678323,0.0017482517482517483,0.9615384615384616,0.06293706293706294
426,426,UR-1,2019-05-14,42.4111,-83.3029,178,11,2.0,1.0,1.0,0.0,0.7191011235955056,0.2640449438202247,0.0,0.949438202247191,0.07303370786516854
427,427,UR-1,2022-06-27,42.4111,-83.3029,107,10,1.0,2.0,1.0,0.0,0.5887850467289719,0.40186915887850466,0.0,0.822429906542056,0.37383177570093457
428,428,UR-2,2016-09-16,42.401803,-83.310759,507,6,4.0,0.0,9.0,0.0,0.8422090729783037,0.15779092702169625,0.0,0.9743589743589743,0.06903353057199212
429,429,UR-2,2021-06-10,42.401803,-83.310759,213,7,1.0,0.0,1.0,0.0,0.49295774647887325,0.5070422535211268,0.0,0.7652582159624414,0.3145539906103286
430,430,UR-2,2022-06-27,42.401803,-83.310759,136,8,1.0,1.0,1.0,0.0,0.7941176470588235,0.20588235294117646,0.0,0.8382352941176471,0.4117647058823529
431,431,UR-4,2021-06-10,42.400014,-83.286158,48,5,1.0,0.0,1.0,0.0,0.7916666666666666,0.20833333333333334,0.0,0.8125,0.3333333333333333
432,432,Up1,2012-05-22,42.47526,-83.3854501,201,12,13.0,5.0,8.0,16.0,0.3880597014925373,0.5572139303482587,0.0,0.48258706467661694,0.44776119402985076
433,433,Up1,2013-10-19,42.47526,-83.3854501,1,1,0.0,0.0,0.0,1.0,0.0,0.0,0.0,0.0,0.0
434,434,Up1,2016-10-15,42.47526,-83.3854501,1,1,0.0,0.0,0.0,1.0,0.0,0.0,0.0,0.0,0.0
435,435,Up1,2018-06-14,42.47526,-83.3854501,172,10,2.0,1.0,2.0,3.0,0.4476744186046512,0.5523255813953488,0.0,0.48255813953488375,0.6511627906976745
436,436,Up1,2019-05-14,42.47526,-83.3854501,86,9,2.0,0.0,1.0,3.0,0.3023255813953488,0.6744186046511628,0.0,0.3372093023255814,0.6395348837209303
437,437,Up1,2021-06-10,42.47526,-83.3854501,108,11,2.0,2.0,2.0,3.0,0.28703703703703703,0.7037037037037037,0.0,0.39814814814814814,0.75
438,438,Up1,2022-06-16,42.47526,-83.3854501,95,13,2.0,3.0,2.0,4.0,0.3894736842105263,0.5894736842105263,0.0,0.4631578947368421,0.631578947368421
439,439,Up2,2012-05-22,42.4632161,-83.3682334,169,12,2.0,2.0,2.0,3.0,0.31952662721893493,0.621301775147929,0.0,0.3431952662721893,0.6863905325443787
440,440,Up2,2013-10-10,42.4632161,-83.3682334,354,14,2.0,3.0,2.0,3.0,0.4406779661016949,0.384180790960452,0.0,0.4576271186440678,0.5875706214689266
441,441,Up2,2020-07-29,42.4632161,-83.3682334,149,14,2.0,4.0,2.0,3.0,0.2080536912751678,0.7181208053691275,0.006711409395973154,0.30201342281879195,0.4899328859060403
442,442,Up2,2020-10-10,42.4632161,-83.3682334,132,10,2.0,1.0,2.0,3.0,0.29545454545454547,0.6439393939393939,0.0,0.36363636363636365,0.6136363636363636
443,443,Up3,2016-09-22,42.43659,-83.32475,305,7,11.0,0.0,4.0,3.0,0.23278688524590163,0.7672131147540984,0.0,0.5934426229508196,0.46229508196721314
444,444,Up3,2017-07-21,42.43659,-83.32475,321,13,2.0,4.0,1.0,1.0,0.3707165109034268,0.6012461059190031,0.003115264797507788,0.7258566978193146,0.3333333333333333
445,445,Up4,2013-10-10,42.40314,-83.28834,230,12,1.0,1.0,1.0,0.0,0.8652173913043478,0.1,0.0,0.9,0.4260869565217391
446,446,Up5,2017-07-21,42.4497368,-83.3481324,366,12,2.0,3.0,1.0,2.0,0.22131147540983606,0.76775956284153,0.0,0.3989071038251366,0.6584699453551912
447,447,Wall1,2015-09-11,42.44957,-83.46525,145,13,6.0,11.0,9.0,0.0,0.4827586206896552,0.4689655172413793,0.013793103448275862,0.903448275862069,0.14482758620689656
448,448,Wall2,2015-09-11,42.46732,-83.46623,276,8,5.0,1.0,5.0,0.0,0.967391304347826,0.03260869565217391,0.0,0.9963768115942029,0.36594202898550726
449,449,Wall2,2022-07-06,42.46732,-83.46623,131,6,1.0,2.0,1.0,0.0,0.9694656488549618,0.030534351145038167,0.0,0.9923664122137404,0.7557251908396947
450,450,Wall3,2015-09-11,42.49486,-83.49575,82,9,1.0,4.0,1.0,1.0,0.8658536585365854,0.13414634146341464,0.0,0.8780487804878049,0.012195121951219513
451,451,Wall7,2017-06-23,42.50915,-83.49562,244,9,0.0,3.0,0.0,0.0,0.5860655737704918,0.4139344262295082,0.0,0.5983606557377049,0.0
452,452,WalnutL,2018-08-24,42.5666,-83.32563,920,10,2.0,5.0,0.0,3.0,0.8304347826086956,0.08478260869565217,0.02826086956521739,0.8347826086956521,0.0
453,453,Will1,2015-10-16,42.33002,-83.46422,195,6,1.0,0.0,1.0,0.0,0.9384615384615385,0.05641025641025641,0.0,0.9692307692307692,0.3435897435897436
454,454,Will1,2022-07-26,42.33002,-83.46422,239,8,1.0,2.0,1.0,0.0,0.6569037656903766,0.3305439330543933,0.0041841004184100415,0.9748953974895398,0.3305439330543933
455,455,WingL,2018-09-08,42.5553406,-83.2955074,885,11,1.0,6.0,0.0,2.0,0.3016949152542373,0.6598870056497175,0.022598870056497175,0.3096045197740113,0.0
