,FIELDID,Latitude,Longitude,Date,SQI,SQI_Rating
19,Bish1,42.482378,-83.460553,2004-01-15,15,Poor
20,Bish1,42.482378,-83.460553,2003-01-15,17,Poor
21,Bish1,42.482378,-83.460553,2002-01-15,21,Fair
22,Bish1,42.482378,-83.460553,2001-01-15,22,Fair
24,Bish2,42.47131,-83.45151,2021-01-15,28,Fair
28,Bish2,42.47131,-83.45151,2017-01-15,26,Fair
29,Bish2,42.47131,-83.45151,2016-01-15,32,Fair
31,Bish2,42.47131,-83.45151,2014-01-15,15,Poor
32,Bish2,42.47131,-83.45151,2013-01-15,21,Fair
33,Bish2,42.47131,-83.45151,2012-01-15,21,Fair
34,Bish2,42.47131,-83.45151,2011-01-15,18,Poor
35,Bish2,42.47131,-83.45151,2010-01-15,25,Fair
36,Bish2,42.47131,-83.45151,2009-01-15,16,Poor
37,Bish2,42.47131,-83.45151,2008-01-15,24,Fair
52,Evan1,42.504517,-83.2333884,2015-01-15,15,Poor
53,Evan1,42.504517,-83.2333884,2014-01-15,14,Poor
67,Evan2,42.472955,-83.247905,2022-01-15,16,Poor
68,Evan2,42.472955,-83.247905,2021-01-15,12,Poor
70,Evan2,42.472955,-83.247905,2019-01-15,18,Poor
73,Evan2,42.472955,-83.247905,2016-01-15,19,Poor
74,Evan2,42.472955,-83.247905,2015-01-15,14,Poor
90,Evan3,42.459278,-83.268639,2021-01-15,0,
91,Evan3,42.459278,-83.268639,2020-01-15,0,
92,Evan3,42.459278,-83.268639,2019-01-15,0,
93,Evan3,42.459278,-83.268639,2018-01-15,0,
94,Evan3,42.459278,-83.268639,2017-01-15,0,
116,Fel1,42.35729,-83.53988,2017-01-15,27,Fair
117,Fel1,42.35729,-83.53988,2016-01-15,28,Fair
119,Fel1,42.35729,-83.53988,2014-01-15,37,Good
120,Fel1,42.35729,-83.53988,2013-01-15,33,Fair
121,Fel1,42.35729,-83.53988,2012-01-15,26,Fair
122,Fel1,42.35729,-83.53988,2011-01-15,22,Fair
126,Fel1,42.35729,-83.53988,2007-01-15,22,Fair
127,Fel1,42.35729,-83.53988,2006-01-15,36,Good
129,Fel1,42.35729,-83.53988,2004-01-15,38,Good
130,Fel1,42.35729,-83.53988,2003-01-15,24,Fair
131,Fel1,42.35729,-83.53988,2002-01-15,34,Good
132,Fel1,42.35729,-83.53988,2001-01-15,33,Fair
134,Fel2,42.31932,-83.5246,2021-01-15,39,Good
137,Fel2,42.31932,-83.5246,2018-01-15,26,Fair
138,Fel2,42.31932,-83.5246,2017-01-15,32,Fair
139,Fel2,42.31932,-83.5246,2016-01-15,37,Good
141,Fel2,42.31932,-83.5246,2014-01-15,20,Fair
142,Fel2,42.31932,-83.5246,2013-01-15,23,Fair
144,Fel2,42.31932,-83.5246,2011-01-15,33,Fair
145,Fel2,42.31932,-83.5246,2010-01-15,40,Good
147,Fel2,42.31932,-83.5246,2008-01-15,26,Fair
148,Fel2,42.31932,-83.5246,2007-01-15,31,Fair
149,Fel2,42.31932,-83.5246,2006-01-15,23,Fair
150,Fel2,42.31932,-83.5246,2005-01-15,27,Fair
151,Fel2,42.31932,-83.5246,2004-01-15,23,Fair
152,Fel2,42.31932,-83.5246,2003-01-15,22,Fair
153,Fel2,42.31932,-83.5246,2002-01-15,23,Fair
159,Fel4,42.31346,-83.46471,2018-01-15,28,Fair
162,Fel4,42.31346,-83.46471,2015-01-15,33,Fair
165,Fel4,42.31346,-83.46471,2012-01-15,20,Fair
166,Fel4,42.31346,-83.46471,2011-01-15,18,Poor
167,Fel4,42.31346,-83.46471,2010-01-15,25,Fair
169,Fel4,42.31346,-83.46471,2008-01-15,25,Fair
170,Fel4,42.31346,-83.46471,2007-01-15,24,Fair
171,Fel4,42.31346,-83.46471,2006-01-15,26,Fair
172,Fel4,42.31346,-83.46471,2005-01-15,12,Poor
182,Fel5,42.335263,-83.539831,2017-01-15,41,Good
184,Fel5,42.335263,-83.539831,2015-01-15,41,Good
203,Fel6,42.328188,-83.532192,2018-01-15,40,Good
204,Fel6,42.328188,-83.532192,2017-01-15,22,Fair
206,Fel6,42.328188,-83.532192,2015-01-15,25,Fair
221,Fowl1,42.30423,-83.60516,2022-01-15,39,Good
222,Fowl1,42.30423,-83.60516,2021-01-15,20,Fair
224,Fowl1,42.30423,-83.60516,2019-01-15,33,Fair
225,Fowl1,42.30423,-83.60516,2018-01-15,31,Fair
228,Fowl1,42.30423,-83.60516,2015-01-15,42,Good
229,Fowl1,42.30423,-83.60516,2014-01-15,34,Good
230,Fowl1,42.30423,-83.60516,2013-01-15,43,Good
232,Fowl1,42.30423,-83.60516,2011-01-15,37,Good
233,Fowl1,42.30423,-83.60516,2010-01-15,38,Good
236,Fowl1,42.30423,-83.60516,2007-01-15,49,Excellent
237,Fowl1,42.30423,-83.60516,2006-01-15,45,Good
238,Fowl1,42.30423,-83.60516,2005-01-15,23,Fair
239,Fowl1,42.30423,-83.60516,2004-01-15,29,Fair
240,Fowl1,42.30423,-83.60516,2003-01-15,35,Good
241,Fowl1,42.30423,-83.60516,2002-01-15,23,Fair
242,Fowl1,42.30423,-83.60516,2001-01-15,30,Fair
244,Fowl2,42.28226,-83.50515,2021-01-15,24,Fair
247,Fowl2,42.28226,-83.50515,2018-01-15,25,Fair
249,Fowl2,42.28226,-83.50515,2016-01-15,22,Fair
250,Fowl2,42.28226,-83.50515,2015-01-15,26,Fair
251,Fowl2,42.28226,-83.50515,2014-01-15,21,Fair
252,Fowl2,42.28226,-83.50515,2013-01-15,28,Fair
255,Fowl2,42.28226,-83.50515,2010-01-15,41,Good
257,Fowl2,42.28226,-83.50515,2008-01-15,33,Fair
258,Fowl2,42.28226,-83.50515,2007-01-15,46,Good
259,Fowl2,42.28226,-83.50515,2006-01-15,28,Fair
260,Fowl2,42.28226,-83.50515,2005-01-15,20,Fair
269,Frank1,42.53024,-83.30585,2018-01-15,13,Poor
271,Frank1,42.53024,-83.30585,2016-01-15,24,Fair
273,Frank1,42.53024,-83.30585,2014-01-15,16,Poor
275,Frank1,42.53024,-83.30585,2012-01-15,33,Fair
277,Frank1,42.53024,-83.30585,2010-01-15,24,Fair
278,Frank1,42.53024,-83.30585,2009-01-15,17,Poor
280,Frank1,42.53024,-83.30585,2007-01-15,39,Good
282,Frank1,42.53024,-83.30585,2005-01-15,17,Poor
283,Frank1,42.53024,-83.30585,2004-01-15,18,Poor
284,Frank1,42.53024,-83.30585,2003-01-15,25,Fair
286,Frank1,42.53024,-83.30585,2001-01-15,28,Fair
290,Frank2,42.529325,-83.325381,2019-01-15,13,Poor
291,Frank2,42.529325,-83.325381,2018-01-15,13,Poor
293,Frank2,42.529325,-83.325381,2016-01-15,15,Poor
295,Frank2,42.529325,-83.325381,2014-01-15,27,Fair
297,Frank2,42.529325,-83.325381,2012-01-15,24,Fair
299,Frank2,42.529325,-83.325381,2010-01-15,25,Fair
300,Frank2,42.529325,-83.325381,2009-01-15,28,Fair
309,Ing1,42.46293,-83.44552,2022-01-15,20,Fair
310,Ing1,42.46293,-83.44552,2021-01-15,24,Fair
314,Ing1,42.46293,-83.44552,2017-01-15,31,Fair
315,Ing1,42.46293,-83.44552,2016-01-15,30,Fair
317,Ing1,42.46293,-83.44552,2014-01-15,22,Fair
318,Ing1,42.46293,-83.44552,2013-01-15,18,Poor
320,Ing1,42.46293,-83.44552,2011-01-15,25,Fair
323,Ing1,42.46293,-83.44552,2008-01-15,24,Fair
324,Ing1,42.46293,-83.44552,2007-01-15,26,Fair
325,Ing1,42.46293,-83.44552,2006-01-15,18,Poor
326,Ing1,42.46293,-83.44552,2005-01-15,18,Poor
327,Ing1,42.46293,-83.44552,2004-01-15,36,Good
331,John1,42.3897,-83.58194,2022-01-15,46,Good
332,John1,42.3897,-83.58194,2021-01-15,44,Good
334,John1,42.3897,-83.58194,2019-01-15,42,Good
336,John1,42.3897,-83.58194,2017-01-15,43,Good
338,John1,42.3897,-83.58194,2015-01-15,52,Excellent
340,John1,42.3897,-83.58194,2013-01-15,48,Good
343,John1,42.3897,-83.58194,2010-01-15,42,Good
346,John1,42.3897,-83.58194,2007-01-15,44,Good
347,John1,42.3897,-83.58194,2006-01-15,55,Excellent
348,John1,42.3897,-83.58194,2005-01-15,46,Good
349,John1,42.3897,-83.58194,2004-01-15,37,Good
350,John1,42.3897,-83.58194,2003-01-15,42,Good
351,John1,42.3897,-83.58194,2002-01-15,48,Good
352,John1,42.3897,-83.58194,2001-01-15,38,Good
353,John2,42.3938201,-83.5342002,2022-01-15,40,Good
358,John2,42.3938201,-83.5342002,2017-01-15,33,Fair
359,John2,42.3938201,-83.5342002,2016-01-15,60,Excellent
360,John2,42.3938201,-83.5342002,2015-01-15,46,Good
362,John2,42.3938201,-83.5342002,2013-01-15,57,Excellent
363,John2,42.3938201,-83.5342002,2012-01-15,58,Excellent
364,John2,42.3938201,-83.5342002,2011-01-15,45,Good
368,John2,42.3938201,-83.5342002,2007-01-15,49,Excellent
369,John2,42.3938201,-83.5342002,2006-01-15,53,Excellent
370,John2,42.3938201,-83.5342002,2005-01-15,42,Good
371,John2,42.3938201,-83.5342002,2004-01-15,44,Good
372,John2,42.3938201,-83.5342002,2003-01-15,38,Good
373,John2,42.3938201,-83.5342002,2002-01-15,32,Fair
374,John2,42.3938201,-83.5342002,2001-01-15,39,Good
375,John3,42.40844,-83.51693,2022-01-15,41,Good
376,John3,42.40844,-83.51693,2021-01-15,36,Good
380,John3,42.40844,-83.51693,2017-01-15,31,Fair
381,John3,42.40844,-83.51693,2016-01-15,27,Fair
383,John3,42.40844,-83.51693,2014-01-15,49,Excellent
384,John3,42.40844,-83.51693,2013-01-15,52,Excellent
389,John3,42.40844,-83.51693,2008-01-15,39,Good
391,John3,42.40844,-83.51693,2006-01-15,37,Good
392,John3,42.40844,-83.51693,2005-01-15,33,Fair
393,John3,42.40844,-83.51693,2004-01-15,30,Fair
394,John3,42.40844,-83.51693,2003-01-15,35,Good
395,John3,42.40844,-83.51693,2002-01-15,43,Good
396,John3,42.40844,-83.51693,2001-01-15,32,Fair
401,John5,42.4224,-83.49289,2018-01-15,40,Good
404,John5,42.4224,-83.49289,2015-01-15,34,Good
405,John5,42.4224,-83.49289,2014-01-15,38,Good
407,John5,42.4224,-83.49289,2012-01-15,28,Fair
410,John5,42.4224,-83.49289,2009-01-15,46,Good
413,John5,42.4224,-83.49289,2006-01-15,21,Fair
414,John5,42.4224,-83.49289,2005-01-15,26,Fair
415,John5,42.4224,-83.49289,2004-01-15,23,Fair
416,John5,42.4224,-83.49289,2003-01-15,26,Fair
417,John5,42.4224,-83.49289,2002-01-15,17,Poor
418,John5,42.4224,-83.49289,2001-01-15,26,Fair
423,John6,42.42546,-83.48138,2018-01-15,41,Good
425,John6,42.42546,-83.48138,2016-01-15,44,Good
426,John6,42.42546,-83.48138,2015-01-15,26,Fair
427,John6,42.42546,-83.48138,2014-01-15,45,Good
429,John6,42.42546,-83.48138,2012-01-15,35,Good
431,John6,42.42546,-83.48138,2010-01-15,43,Good
433,John6,42.42546,-83.48138,2008-01-15,15,Poor
435,John6,42.42546,-83.48138,2006-01-15,20,Fair
436,John6,42.42546,-83.48138,2005-01-15,10,Poor
446,John7,42.3985716,-83.5279588,2017-01-15,22,Fair
448,John7,42.3985716,-83.5279588,2015-01-15,45,Good
449,John7,42.3985716,-83.5279588,2014-01-15,30,Fair
450,John7,42.3985716,-83.5279588,2013-01-15,39,Good
452,John7,42.3985716,-83.5279588,2011-01-15,35,Good
454,John7,42.3985716,-83.5279588,2009-01-15,38,Good
455,John7,42.3985716,-83.5279588,2008-01-15,46,Good
456,John7,42.3985716,-83.5279588,2007-01-15,36,Good
463,John8,42.42148,-83.54396,2022-01-15,46,Good
464,John8,42.42148,-83.54396,2021-01-15,52,Excellent
468,John8,42.42148,-83.54396,2017-01-15,46,Good
470,John8,42.42148,-83.54396,2015-01-15,36,Good
472,John8,42.42148,-83.54396,2013-01-15,48,Good
473,John8,42.42148,-83.54396,2012-01-15,47,Good
474,John8,42.42148,-83.54396,2011-01-15,54,Excellent
475,John8,42.42148,-83.54396,2010-01-15,62,Excellent
489,Low12,42.2838277,-83.474042,2018-01-15,22,Fair
490,Low12,42.2838277,-83.474042,2017-01-15,36,Good
507,Low2,42.30724,-83.53793,2022-01-15,17,Poor
508,Low2,42.30724,-83.53793,2021-01-15,42,Good
511,Low2,42.30724,-83.53793,2018-01-15,34,Good
512,Low2,42.30724,-83.53793,2017-01-15,27,Fair
514,Low2,42.30724,-83.53793,2015-01-15,32,Fair
515,Low2,42.30724,-83.53793,2014-01-15,22,Fair
516,Low2,42.30724,-83.53793,2013-01-15,24,Fair
518,Low2,42.30724,-83.53793,2011-01-15,28,Fair
521,Low2,42.30724,-83.53793,2008-01-15,44,Good
522,Low2,42.30724,-83.53793,2007-01-15,30,Fair
523,Low2,42.30724,-83.53793,2006-01-15,37,Good
524,Low2,42.30724,-83.53793,2005-01-15,24,Fair
525,Low2,42.30724,-83.53793,2004-01-15,30,Fair
526,Low2,42.30724,-83.53793,2003-01-15,18,Poor
535,Low3,42.3227,-83.565967,2016-01-15,43,Good
536,Low3,42.3227,-83.565967,2015-01-15,33,Fair
537,Low3,42.3227,-83.565967,2014-01-15,32,Fair
555,Low4,42.2866039,-83.4756605,2018-01-15,19,Poor
558,Low4,42.2866039,-83.4756605,2015-01-15,21,Fair
559,Low4,42.2866039,-83.4756605,2014-01-15,26,Fair
580,Low5,42.282389,-83.437141,2015-01-15,30,Fair
620,LR-1,42.280425,-83.42027,2019-01-15,27,Fair
621,LR-1,42.280425,-83.42027,2018-01-15,29,Fair
624,LR-1,42.280425,-83.42027,2015-01-15,30,Fair
625,LR-1,42.280425,-83.42027,2014-01-15,39,Good
626,LR-1,42.280425,-83.42027,2013-01-15,35,Good
630,LR-1,42.280425,-83.42027,2009-01-15,29,Fair
631,LR-1,42.280425,-83.42027,2008-01-15,26,Fair
632,LR-1,42.280425,-83.42027,2007-01-15,34,Good
633,LR-1,42.280425,-83.42027,2006-01-15,25,Fair
634,LR-1,42.280425,-83.42027,2005-01-15,20,Fair
642,LR-10,42.298506,-83.305839,2019-01-15,22,Fair
643,LR-10,42.298506,-83.305839,2018-01-15,22,Fair
645,LR-10,42.298506,-83.305839,2016-01-15,30,Fair
646,LR-10,42.298506,-83.305839,2015-01-15,28,Fair
647,LR-10,42.298506,-83.305839,2014-01-15,25,Fair
648,LR-10,42.298506,-83.305839,2013-01-15,26,Fair
649,LR-10,42.298506,-83.305839,2012-01-15,28,Fair
650,LR-10,42.298506,-83.305839,2011-01-15,24,Fair
667,LR-11,42.309888,-83.24854,2016-01-15,19,Poor
687,LR-11A,42.3125679,-83.2415233,2018-01-15,20,Fair
688,LR-11A,42.3125679,-83.2415233,2017-01-15,14,Poor
689,LR-11A,42.3125679,-83.2415233,2016-01-15,23,Fair
690,LR-11A,42.3125679,-83.2415233,2015-01-15,26,Fair
691,LR-11A,42.3125679,-83.2415233,2014-01-15,18,Poor
692,LR-11A,42.3125679,-83.2415233,2013-01-15,12,Poor
693,LR-11A,42.3125679,-83.2415233,2012-01-15,22,Fair
694,LR-11A,42.3125679,-83.2415233,2011-01-15,25,Fair
706,LR-12,42.282317,-83.466103,2021-01-15,43,Good
708,LR-12,42.282317,-83.466103,2019-01-15,26,Fair
709,LR-12,42.282317,-83.466103,2018-01-15,15,Poor
711,LR-12,42.282317,-83.466103,2016-01-15,30,Fair
712,LR-12,42.282317,-83.466103,2015-01-15,36,Good
713,LR-12,42.282317,-83.466103,2014-01-15,34,Good
714,LR-12,42.282317,-83.466103,2013-01-15,35,Good
715,LR-12,42.282317,-83.466103,2012-01-15,37,Good
733,LR-2,42.281962,-83.503009,2016-01-15,29,Fair
734,LR-2,42.281962,-83.503009,2015-01-15,35,Good
735,LR-2,42.281962,-83.503009,2014-01-15,24,Fair
741,LR-2,42.281962,-83.503009,2008-01-15,43,Good
742,LR-2,42.281962,-83.503009,2007-01-15,18,Poor
743,LR-2,42.281962,-83.503009,2006-01-15,37,Good
757,LR-3,42.284848,-83.381855,2014-01-15,19,Poor
758,LR-3,42.284848,-83.381855,2013-01-15,28,Fair
759,LR-3,42.284848,-83.381855,2012-01-15,16,Poor
760,LR-3,42.284848,-83.381855,2011-01-15,28,Fair
763,LR-3,42.284848,-83.381855,2008-01-15,36,Good
764,LR-3,42.284848,-83.381855,2007-01-15,20,Fair
765,LR-3,42.284848,-83.381855,2006-01-15,22,Fair
766,LR-3,42.284848,-83.381855,2005-01-15,26,Fair
776,LR-4,42.288775,-83.3486,2017-01-15,26,Fair
785,LR-4,42.288775,-83.3486,2008-01-15,26,Fair
786,LR-4,42.288775,-83.3486,2007-01-15,18,Poor
787,LR-4,42.288775,-83.3486,2006-01-15,15,Poor
788,LR-4,42.288775,-83.3486,2005-01-15,25,Fair
799,LR-5,42.300561,-83.4374797,2016-01-15,20,Fair
800,LR-5,42.300561,-83.4374797,2015-01-15,18,Poor
804,LR-5,42.300561,-83.4374797,2011-01-15,15,Poor
805,LR-5,42.300561,-83.4374797,2010-01-15,27,Fair
806,LR-5,42.300561,-83.4374797,2009-01-15,36,Good
807,LR-5,42.300561,-83.4374797,2008-01-15,27,Fair
808,LR-5,42.300561,-83.4374797,2007-01-15,39,Good
819,LR-6,42.285,-83.383888,2018-01-15,17,Poor
820,LR-6,42.285,-83.383888,2017-01-15,24,Fair
821,LR-6,42.285,-83.383888,2016-01-15,38,Good
822,LR-6,42.285,-83.383888,2015-01-15,32,Fair
823,LR-6,42.285,-83.383888,2014-01-15,22,Fair
824,LR-6,42.285,-83.383888,2013-01-15,23,Fair
825,LR-6,42.285,-83.383888,2012-01-15,26,Fair
826,LR-6,42.285,-83.383888,2011-01-15,19,Poor
828,LR-6,42.285,-83.383888,2009-01-15,36,Good
829,LR-6,42.285,-83.383888,2008-01-15,26,Fair
830,LR-6,42.285,-83.383888,2007-01-15,28,Fair
842,LR-7,42.2484,-83.4248,2017-01-15,34,Good
843,LR-7,42.2484,-83.4248,2016-01-15,31,Fair
848,LR-7,42.2484,-83.4248,2011-01-15,30,Fair
849,LR-7,42.2484,-83.4248,2010-01-15,35,Good
850,LR-7,42.2484,-83.4248,2009-01-15,33,Fair
851,LR-7,42.2484,-83.4248,2008-01-15,38,Good
863,LR-8,42.295976,-83.541846,2018-01-15,44,Good
864,LR-8,42.295976,-83.541846,2017-01-15,37,Good
865,LR-8,42.295976,-83.541846,2016-01-15,26,Fair
867,LR-8,42.295976,-83.541846,2014-01-15,36,Good
870,LR-8,42.295976,-83.541846,2011-01-15,36,Good
871,LR-8,42.295976,-83.541846,2010-01-15,40,Good
872,LR-8,42.295976,-83.541846,2009-01-15,31,Fair
886,LR-9,42.3370903,-83.5085406,2017-01-15,30,Fair
891,LR-9,42.3370903,-83.5085406,2012-01-15,33,Fair
893,LR-9,42.3370903,-83.5085406,2010-01-15,53,Excellent
894,LR-9,42.3370903,-83.5085406,2009-01-15,34,Good
903,Bell1,42.42924,-83.39666,2022-01-15,22,Fair
904,Bell1,42.42924,-83.39666,2021-01-15,27,Fair
907,Bell1,42.42924,-83.39666,2018-01-15,23,Fair
908,Bell1,42.42924,-83.39666,2017-01-15,24,Fair
909,Bell1,42.42924,-83.39666,2016-01-15,9,Poor
911,Bell1,42.42924,-83.39666,2014-01-15,15,Poor
913,Bell1,42.42924,-83.39666,2012-01-15,27,Fair
914,Bell1,42.42924,-83.39666,2011-01-15,24,Fair
915,Bell1,42.42924,-83.39666,2010-01-15,28,Fair
916,Bell1,42.42924,-83.39666,2009-01-15,27,Fair
917,Bell1,42.42924,-83.39666,2008-01-15,19,Poor
919,Bell1,42.42924,-83.39666,2006-01-15,26,Fair
921,Bell1,42.42924,-83.39666,2004-01-15,21,Fair
922,Bell1,42.42924,-83.39666,2003-01-15,18,Poor
925,Bell2,42.4151185,-83.429007,2022-01-15,13,Poor
926,Bell2,42.4151185,-83.429007,2021-01-15,30,Fair
929,Bell2,42.4151185,-83.429007,2018-01-15,20,Fair
930,Bell2,42.4151185,-83.429007,2017-01-15,21,Fair
931,Bell2,42.4151185,-83.429007,2016-01-15,18,Poor
932,Bell2,42.4151185,-83.429007,2015-01-15,30,Fair
933,Bell2,42.4151185,-83.429007,2014-01-15,20,Fair
934,Bell2,42.4151185,-83.429007,2013-01-15,34,Good
937,Bell2,42.4151185,-83.429007,2010-01-15,34,Good
938,Bell2,42.4151185,-83.429007,2009-01-15,30,Fair
943,Bell2,42.4151185,-83.429007,2004-01-15,27,Fair
947,Bell3,42.41015,-83.39285,2022-01-15,11,Poor
948,Bell3,42.41015,-83.39285,2021-01-15,29,Fair
951,Bell3,42.41015,-83.39285,2018-01-15,21,Fair
953,Bell3,42.41015,-83.39285,2016-01-15,17,Poor
955,Bell3,42.41015,-83.39285,2014-01-15,33,Fair
956,Bell3,42.41015,-83.39285,2013-01-15,30,Fair
959,Bell3,42.41015,-83.39285,2010-01-15,32,Fair
961,Bell3,42.41015,-83.39285,2008-01-15,14,Poor
963,Bell3,42.41015,-83.39285,2006-01-15,16,Poor
965,Bell3,42.41015,-83.39285,2004-01-15,24,Fair
969,Main1,42.60991,-83.17984,2022-01-15,32,Fair
970,Main1,42.60991,-83.17984,2021-01-15,36,Good
975,Main1,42.60991,-83.17984,2016-01-15,30,Fair
978,Main1,42.60991,-83.17984,2013-01-15,26,Fair
979,Main1,42.60991,-83.17984,2012-01-15,29,Fair
980,Main1,42.60991,-83.17984,2011-01-15,26,Fair
983,Main1,42.60991,-83.17984,2008-01-15,19,Poor
985,Main1,42.60991,-83.17984,2006-01-15,40,Good
986,Main1,42.60991,-83.17984,2005-01-15,17,Poor
987,Main1,42.60991,-83.17984,2004-01-15,30,Fair
988,Main1,42.60991,-83.17984,2003-01-15,28,Fair
989,Main1,42.60991,-83.17984,2002-01-15,20,Fair
1018,Main11,42.554445,-83.226312,2017-01-15,32,Fair
1019,Main11,42.554445,-83.226312,2016-01-15,27,Fair
1020,Main11,42.554445,-83.226312,2015-01-15,36,Good
1040,Main3,42.5487974,-83.2177051,2017-01-15,30,Fair
1042,Main3,42.5487974,-83.2177051,2015-01-15,30,Fair
1044,Main3,42.5487974,-83.2177051,2013-01-15,31,Fair
1045,Main3,42.5487974,-83.2177051,2012-01-15,31,Fair
1047,Main3,42.5487974,-83.2177051,2010-01-15,37,Good
1048,Main3,42.5487974,-83.2177051,2009-01-15,27,Fair
1049,Main3,42.5487974,-83.2177051,2008-01-15,30,Fair
1054,Main3,42.5487974,-83.2177051,2003-01-15,24,Fair
1055,Main3,42.5487974,-83.2177051,2002-01-15,28,Fair
1064,Main4,42.5424121,-83.2251341,2015-01-15,23,Fair
1065,Main4,42.5424121,-83.2251341,2014-01-15,23,Fair
1067,Main4,42.5424121,-83.2251341,2012-01-15,34,Good
1069,Main4,42.5424121,-83.2251341,2010-01-15,34,Good
1072,Main4,42.5424121,-83.2251341,2007-01-15,30,Fair
1073,Main4,42.5424121,-83.2251341,2006-01-15,28,Fair
1075,Main4,42.5424121,-83.2251341,2004-01-15,23,Fair
1076,Main4,42.5424121,-83.2251341,2003-01-15,25,Fair
1077,Main4,42.5424121,-83.2251341,2002-01-15,23,Fair
1078,Main4,42.5424121,-83.2251341,2001-01-15,24,Fair
1083,Main4.5,42.53718,-83.22861,2018-01-15,34,Good
1087,Main4.5,42.53718,-83.22861,2014-01-15,19,Poor
1089,Main4.5,42.53718,-83.22861,2012-01-15,18,Poor
1091,Main4.5,42.53718,-83.22861,2010-01-15,33,Fair
1094,Main4.5,42.53718,-83.22861,2007-01-15,27,Fair
1095,Main4.5,42.53718,-83.22861,2006-01-15,32,Fair
1096,Main4.5,42.53718,-83.22861,2005-01-15,20,Fair
1101,Main5,42.52219,-83.24692,2022-01-15,40,Good
1102,Main5,42.52219,-83.24692,2021-01-15,29,Fair
1104,Main5,42.52219,-83.24692,2019-01-15,29,Fair
1105,Main5,42.52219,-83.24692,2018-01-15,20,Fair
1109,Main5,42.52219,-83.24692,2014-01-15,24,Fair
1110,Main5,42.52219,-83.24692,2013-01-15,30,Fair
1112,Main5,42.52219,-83.24692,2011-01-15,33,Fair
1114,Main5,42.52219,-83.24692,2009-01-15,26,Fair
1117,Main5,42.52219,-83.24692,2006-01-15,23,Fair
1118,Main5,42.52219,-83.24692,2005-01-15,21,Fair
1119,Main5,42.52219,-83.24692,2004-01-15,20,Fair
1123,Main6,42.47882,-83.284548,2022-01-15,26,Fair
1124,Main6,42.47882,-83.284548,2021-01-15,18,Poor
1127,Main6,42.47882,-83.284548,2018-01-15,20,Fair
1129,Main6,42.47882,-83.284548,2016-01-15,30,Fair
1131,Main6,42.47882,-83.284548,2014-01-15,18,Poor
1132,Main6,42.47882,-83.284548,2013-01-15,28,Fair
1133,Main6,42.47882,-83.284548,2012-01-15,40,Good
1134,Main6,42.47882,-83.284548,2011-01-15,29,Fair
1137,Main6,42.47882,-83.284548,2008-01-15,18,Poor
1138,Main6,42.47882,-83.284548,2007-01-15,19,Poor
1139,Main6,42.47882,-83.284548,2006-01-15,17,Poor
1141,Main6,42.47882,-83.284548,2004-01-15,25,Fair
1142,Main6,42.47882,-83.284548,2003-01-15,10,Poor
1144,Main6,42.47882,-83.284548,2001-01-15,21,Fair
1152,Main7,42.472849,-83.289147,2015-01-15,32,Fair
1153,Main7,42.472849,-83.289147,2014-01-15,29,Fair
1154,Main7,42.472849,-83.289147,2013-01-15,44,Good
1155,Main7,42.472849,-83.289147,2012-01-15,32,Fair
1156,Main7,42.472849,-83.289147,2011-01-15,24,Fair
1174,Main8,42.29352,-83.14873,2015-01-15,20,Fair
1175,Main8,42.29352,-83.14873,2014-01-15,24,Fair
1176,Main8,42.29352,-83.14873,2013-01-15,22,Fair
1177,Main8,42.29352,-83.14873,2012-01-15,23,Fair
1178,Main8,42.29352,-83.14873,2011-01-15,21,Fair
1190,Mid1,42.42177,-83.47546,2021-01-15,33,Fair
1196,Mid1,42.42177,-83.47546,2015-01-15,19,Poor
1199,Mid1,42.42177,-83.47546,2012-01-15,41,Good
1203,Mid1,42.42177,-83.47546,2008-01-15,20,Fair
1204,Mid1,42.42177,-83.47546,2007-01-15,35,Good
1205,Mid1,42.42177,-83.47546,2006-01-15,19,Poor
1206,Mid1,42.42177,-83.47546,2005-01-15,27,Fair
1207,Mid1,42.42177,-83.47546,2004-01-15,19,Poor
1218,Mid3,42.36656,-83.41015,2015-01-15,37,Good
1239,Mid5,42.339356,-83.264421,2016-01-15,26,Fair
1257,Mid6,42.346715,-83.280264,2020-01-15,15,Poor
1281,Min1,42.51274,-83.38905,2018-01-15,14,Poor
1282,Min1,42.51274,-83.38905,2017-01-15,33,Fair
1283,Min1,42.51274,-83.38905,2016-01-15,29,Fair
1286,Min1,42.51274,-83.38905,2013-01-15,20,Fair
1288,Min1,42.51274,-83.38905,2011-01-15,26,Fair
1292,Min1,42.51274,-83.38905,2007-01-15,28,Fair
1293,Min1,42.51274,-83.38905,2006-01-15,45,Good
1294,Min1,42.51274,-83.38905,2005-01-15,22,Fair
1295,Min1,42.51274,-83.38905,2004-01-15,46,Good
1296,Min1,42.51274,-83.38905,2003-01-15,32,Fair
1303,Min2,42.493065,-83.37734,2018-01-15,13,Poor
1306,Min2,42.493065,-83.37734,2015-01-15,30,Fair
1307,Min2,42.493065,-83.37734,2014-01-15,16,Poor
1309,Min2,42.493065,-83.37734,2012-01-15,36,Good
1310,Min2,42.493065,-83.37734,2011-01-15,34,Good
1311,Min2,42.493065,-83.37734,2010-01-15,23,Fair
1312,Min2,42.493065,-83.37734,2009-01-15,38,Good
1324,Min3,42.500565,-83.37127,2019-01-15,18,Poor
1327,Min3,42.500565,-83.37127,2016-01-15,23,Fair
1328,Min3,42.500565,-83.37127,2015-01-15,18,Poor
1329,Min3,42.500565,-83.37127,2014-01-15,25,Fair
1331,Min3,42.500565,-83.37127,2012-01-15,14,Poor
1333,Min3,42.500565,-83.37127,2010-01-15,25,Fair
1334,Min3,42.500565,-83.37127,2009-01-15,32,Fair
1343,Min4,42.526938,-83.421444,2022-01-15,15,Poor
1348,Min4,42.526938,-83.421444,2017-01-15,25,Fair
1373,MN-1,42.438056,-83.274722,2014-01-15,30,Fair
1374,MN-1,42.438056,-83.274722,2013-01-15,25,Fair
1375,MN-1,42.438056,-83.274722,2012-01-15,33,Fair
1377,MN-1,42.438056,-83.274722,2010-01-15,29,Fair
1378,MN-1,42.438056,-83.274722,2009-01-15,26,Fair
1392,MN-2,42.399722,-83.271389,2017-01-15,28,Fair
1394,MN-2,42.399722,-83.271389,2015-01-15,25,Fair
1395,MN-2,42.399722,-83.271389,2014-01-15,22,Fair
1396,MN-2,42.399722,-83.271389,2013-01-15,24,Fair
1397,MN-2,42.399722,-83.271389,2012-01-15,27,Fair
1399,MN-2,42.399722,-83.271389,2010-01-15,19,Poor
1400,MN-2,42.399722,-83.271389,2009-01-15,26,Fair
1439,MN-4,42.3378683,-83.2496084,2014-01-15,24,Fair
1440,MN-4,42.3378683,-83.2496084,2013-01-15,24,Fair
1441,MN-4,42.3378683,-83.2496084,2012-01-15,22,Fair
1442,MN-4,42.3378683,-83.2496084,2011-01-15,32,Fair
1456,MN-5,42.443614,-83.284906,2019-01-15,39,Good
1457,MN-5,42.443614,-83.284906,2018-01-15,42,Good
1458,MN-5,42.443614,-83.284906,2017-01-15,41,Good
1459,MN-5,42.443614,-83.284906,2016-01-15,36,Good
1502,MN-7,42.348736,-83.24721,2017-01-15,24,Fair
1525,MR-1,42.42487,-83.47712,2016-01-15,39,Good
1527,MR-1,42.42487,-83.47712,2014-01-15,43,Good
1532,MR-1,42.42487,-83.47712,2009-01-15,42,Good
1533,MR-1,42.42487,-83.47712,2008-01-15,49,Excellent
1534,MR-1,42.42487,-83.47712,2007-01-15,42,Good
1535,MR-1,42.42487,-83.47712,2006-01-15,32,Fair
1536,MR-1,42.42487,-83.47712,2005-01-15,17,Poor
1548,MR-10,42.347097,-83.27895,2015-01-15,23,Fair
1553,MR-10,42.347097,-83.27895,2010-01-15,23,Fair
1556,MR-10,42.347097,-83.27895,2007-01-15,23,Fair
1557,MR-10,42.347097,-83.27895,2006-01-15,6,Poor
1558,MR-10,42.347097,-83.27895,2005-01-15,24,Fair
1568,MR-11,42.34516,-83.3629,2017-01-15,21,Fair
1576,MR-11,42.34516,-83.3629,2009-01-15,16,Poor
1577,MR-11,42.34516,-83.3629,2008-01-15,25,Fair
1578,MR-11,42.34516,-83.3629,2007-01-15,4,Poor
1579,MR-11,42.34516,-83.3629,2006-01-15,8,Poor
1598,MR-12,42.33975,-83.34093,2009-01-15,21,Fair
1599,MR-12,42.33975,-83.34093,2008-01-15,22,Fair
1600,MR-12,42.33975,-83.34093,2007-01-15,12,Poor
1601,MR-12,42.33975,-83.34093,2006-01-15,5,Poor
1610,MR-13,42.34432,-83.26865,2019-01-15,24,Fair
1611,MR-13,42.34432,-83.26865,2018-01-15,27,Fair
1614,MR-13,42.34432,-83.26865,2015-01-15,19,Poor
1615,MR-13,42.34432,-83.26865,2014-01-15,17,Poor
1616,MR-13,42.34432,-83.26865,2013-01-15,19,Poor
1617,MR-13,42.34432,-83.26865,2012-01-15,16,Poor
1621,MR-13,42.34432,-83.26865,2008-01-15,21,Fair
1622,MR-13,42.34432,-83.26865,2007-01-15,29,Fair
1623,MR-13,42.34432,-83.26865,2006-01-15,21,Fair
1624,MR-13,42.34432,-83.26865,2005-01-15,29,Fair
1641,MR-14,42.3601432,-83.4763746,2010-01-15,39,Good
1642,MR-14,42.3601432,-83.4763746,2009-01-15,27,Fair
1643,MR-14,42.3601432,-83.4763746,2008-01-15,27,Fair
1644,MR-14,42.3601432,-83.4763746,2007-01-15,34,Good
1658,MR-15,42.3306,-83.2483,2015-01-15,31,Fair
1663,MR-15,42.3306,-83.2483,2010-01-15,29,Fair
1664,MR-15,42.3306,-83.2483,2009-01-15,24,Fair
1665,MR-15,42.3306,-83.2483,2008-01-15,19,Poor
1668,MR-15,42.3306,-83.2483,2005-01-15,15,Poor
1679,MR-16,42.3519,-83.375,2016-01-15,28,Fair
1681,MR-16,42.3519,-83.375,2014-01-15,19,Poor
1685,MR-16,42.3519,-83.375,2010-01-15,20,Fair
1686,MR-16,42.3519,-83.375,2009-01-15,25,Fair
1687,MR-16,42.3519,-83.375,2008-01-15,21,Fair
1700,MR-17,42.370466,-83.437574,2017-01-15,44,Good
1707,MR-17,42.370466,-83.437574,2010-01-15,46,Good
1708,MR-17,42.370466,-83.437574,2009-01-15,41,Good
1709,MR-17,42.370466,-83.437574,2008-01-15,44,Good
1718,MR-18,42.390248,-83.466365,2021-01-15,41,Good
1720,MR-18,42.390248,-83.466365,2019-01-15,45,Good
1728,MR-18,42.390248,-83.466365,2011-01-15,38,Good
1729,MR-18,42.390248,-83.466365,2010-01-15,31,Fair
1730,MR-18,42.390248,-83.466365,2009-01-15,44,Good
1731,MR-18,42.390248,-83.466365,2008-01-15,44,Good
1749,MR-19,42.351831,-83.462729,2012-01-15,30,Fair
1751,MR-19,42.351831,-83.462729,2010-01-15,25,Fair
1752,MR-19,42.351831,-83.462729,2009-01-15,11,Poor
1753,MR-19,42.351831,-83.462729,2008-01-15,14,Poor
1761,MR-2,42.408,-83.47076,2022-01-15,21,Fair
1762,MR-2,42.408,-83.47076,2021-01-15,40,Good
1766,MR-2,42.408,-83.47076,2017-01-15,46,Good
1774,MR-2,42.408,-83.47076,2009-01-15,36,Good
1775,MR-2,42.408,-83.47076,2008-01-15,49,Excellent
1776,MR-2,42.408,-83.47076,2007-01-15,33,Fair
1777,MR-2,42.408,-83.47076,2006-01-15,34,Good
1778,MR-2,42.408,-83.47076,2005-01-15,24,Fair
1784,MR-20,42.411952,-83.471703,2021-01-15,42,Good
1788,MR-20,42.411952,-83.471703,2017-01-15,45,Good
1789,MR-20,42.411952,-83.471703,2016-01-15,52,Excellent
1791,MR-20,42.411952,-83.471703,2014-01-15,40,Good
1792,MR-20,42.411952,-83.471703,2013-01-15,48,Good
1793,MR-20,42.411952,-83.471703,2012-01-15,38,Good
1794,MR-20,42.411952,-83.471703,2011-01-15,52,Excellent
1795,MR-20,42.411952,-83.471703,2010-01-15,48,Good
1796,MR-20,42.411952,-83.471703,2009-01-15,49,Excellent
1827,MR-22,42.43033,-83.544423,2022-01-15,38,Good
1828,MR-22,42.43033,-83.544423,2021-01-15,35,Good
1829,MR-22,42.43033,-83.544423,2020-01-15,41,Good
1830,MR-22,42.43033,-83.544423,2019-01-15,34,Good
1831,MR-22,42.43033,-83.544423,2018-01-15,37,Good
1832,MR-22,42.43033,-83.544423,2017-01-15,32,Fair
1833,MR-22,42.43033,-83.544423,2016-01-15,41,Good
1834,MR-22,42.43033,-83.544423,2015-01-15,46,Good
1835,MR-22,42.43033,-83.544423,2014-01-15,37,Good
1836,MR-22,42.43033,-83.544423,2013-01-15,46,Good
1837,MR-22,42.43033,-83.544423,2012-01-15,45,Good
1838,MR-22,42.43033,-83.544423,2011-01-15,41,Good
1839,MR-22,42.43033,-83.544423,2010-01-15,43,Good
1849,MR-23,42.432475,-83.520006,2022-01-15,25,Fair
1853,MR-23,42.432475,-83.520006,2018-01-15,19,Poor
1854,MR-23,42.432475,-83.520006,2017-01-15,17,Poor
1855,MR-23,42.432475,-83.520006,2016-01-15,27,Fair
1856,MR-23,42.432475,-83.520006,2015-01-15,42,Good
1857,MR-23,42.432475,-83.520006,2014-01-15,39,Good
1858,MR-23,42.432475,-83.520006,2013-01-15,41,Good
1859,MR-23,42.432475,-83.520006,2012-01-15,30,Fair
1860,MR-23,42.432475,-83.520006,2011-01-15,32,Fair
1880,MR-24,42.3640761,-83.4643914,2013-01-15,31,Fair
1881,MR-24,42.3640761,-83.4643914,2012-01-15,18,Poor
1882,MR-24,42.3640761,-83.4643914,2011-01-15,36,Good
1897,MR-25,42.43058,-83.5135,2018-01-15,38,Good
1898,MR-25,42.43058,-83.5135,2017-01-15,34,Good
1899,MR-25,42.43058,-83.5135,2016-01-15,46,Good
1900,MR-25,42.43058,-83.5135,2015-01-15,51,Excellent
1901,MR-25,42.43058,-83.5135,2014-01-15,35,Good
1902,MR-25,42.43058,-83.5135,2013-01-15,49,Excellent
1903,MR-25,42.43058,-83.5135,2012-01-15,43,Good
1916,MR-26,42.434306,-83.550725,2021-01-15,31,Fair
1919,MR-26,42.434306,-83.550725,2018-01-15,30,Fair
1920,MR-26,42.434306,-83.550725,2017-01-15,48,Good
1921,MR-26,42.434306,-83.550725,2016-01-15,34,Good
1922,MR-26,42.434306,-83.550725,2015-01-15,42,Good
1923,MR-26,42.434306,-83.550725,2014-01-15,31,Fair
1924,MR-26,42.434306,-83.550725,2013-01-15,48,Good
1937,MR-27,42.41672,-83.531253,2022-01-15,26,Fair
1938,MR-27,42.41672,-83.531253,2021-01-15,30,Fair
1941,MR-27,42.41672,-83.531253,2018-01-15,46,Good
1942,MR-27,42.41672,-83.531253,2017-01-15,48,Good
1943,MR-27,42.41672,-83.531253,2016-01-15,52,Excellent
1944,MR-27,42.41672,-83.531253,2015-01-15,51,Excellent
1963,MR-2a,42.4089,-83.4704,2018-01-15,43,Good
1964,MR-2a,42.4089,-83.4704,2017-01-15,48,Good
1968,MR-2a,42.4089,-83.4704,2013-01-15,40,Good
1969,MR-2a,42.4089,-83.4704,2012-01-15,37,Good
1970,MR-2a,42.4089,-83.4704,2011-01-15,44,Good
1971,MR-2a,42.4089,-83.4704,2010-01-15,38,Good
1972,MR-2a,42.4089,-83.4704,2009-01-15,41,Good
1973,MR-2a,42.4089,-83.4704,2008-01-15,48,Good
1987,MR-3,42.37402,-83.45532,2016-01-15,37,Good
1989,MR-3,42.37402,-83.45532,2014-01-15,42,Good
1991,MR-3,42.37402,-83.45532,2012-01-15,45,Good
1996,MR-3,42.37402,-83.45532,2007-01-15,39,Good
1997,MR-3,42.37402,-83.45532,2006-01-15,32,Fair
1998,MR-3,42.37402,-83.45532,2005-01-15,32,Fair
2007,MR-4,42.36445,-83.40406,2018-01-15,22,Fair
2008,MR-4,42.36445,-83.40406,2017-01-15,24,Fair
2010,MR-4,42.36445,-83.40406,2015-01-15,21,Fair
2015,MR-4,42.36445,-83.40406,2010-01-15,37,Good
2018,MR-4,42.36445,-83.40406,2007-01-15,20,Fair
2019,MR-4,42.36445,-83.40406,2006-01-15,41,Good
2020,MR-4,42.36445,-83.40406,2005-01-15,33,Fair
2040,MR-5,42.34447,-83.36118,2007-01-15,20,Fair
2041,MR-5,42.34447,-83.36118,2006-01-15,5,Poor
2042,MR-5,42.34447,-83.36118,2005-01-15,19,Poor
2062,MR-6,42.34132,-83.33765,2007-01-15,14,Poor
2063,MR-6,42.34132,-83.33765,2006-01-15,4,Poor
2064,MR-6,42.34132,-83.33765,2005-01-15,11,Poor
2084,MR-7,42.34286,-83.32853,2007-01-15,24,Fair
2085,MR-7,42.34286,-83.32853,2006-01-15,8,Poor
2086,MR-7,42.34286,-83.32853,2005-01-15,17,Poor
2097,MR-8,42.34893,-83.31455,2016-01-15,23,Fair
2099,MR-8,42.34893,-83.31455,2014-01-15,21,Fair
2103,MR-8,42.34893,-83.31455,2010-01-15,27,Fair
2106,MR-8,42.34893,-83.31455,2007-01-15,17,Poor
2107,MR-8,42.34893,-83.31455,2006-01-15,5,Poor
2108,MR-8,42.34893,-83.31455,2005-01-15,19,Poor
2117,MR-9,42.34732,-83.29135,2018-01-15,21,Fair
2119,MR-9,42.34732,-83.29135,2016-01-15,30,Fair
2123,MR-9,42.34732,-83.29135,2012-01-15,35,Good
2128,MR-9,42.34732,-83.29135,2007-01-15,29,Fair
2129,MR-9,42.34732,-83.29135,2006-01-15,8,Poor
2130,MR-9,42.34732,-83.29135,2005-01-15,17,Poor
2142,Mur2,42.59375,-83.25174,2015-01-15,34,Good
2144,Mur2,42.59375,-83.25174,2013-01-15,27,Fair
2147,Mur2,42.59375,-83.25174,2010-01-15,33,Fair
2148,Mur2,42.59375,-83.25174,2009-01-15,32,Fair
2149,Mur2,42.59375,-83.25174,2008-01-15,23,Fair
2150,Mur2,42.59375,-83.25174,2007-01-15,25,Fair
2157,Nott,42.51149,-83.26463,2022-01-15,20,Fair
2158,Nott,42.51149,-83.26463,2021-01-15,22,Fair
2161,Nott,42.51149,-83.26463,2018-01-15,17,Poor
2164,Nott,42.51149,-83.26463,2015-01-15,22,Fair
2166,Nott,42.51149,-83.26463,2013-01-15,22,Fair
2168,Nott,42.51149,-83.26463,2011-01-15,24,Fair
2170,Nott,42.51149,-83.26463,2009-01-15,26,Fair
2171,Nott,42.51149,-83.26463,2008-01-15,29,Fair
2174,Nott,42.51149,-83.26463,2005-01-15,21,Fair
2175,Nott,42.51149,-83.26463,2004-01-15,31,Fair
2179,Nton,42.37312,-83.47572,2022-01-15,25,Fair
2180,Nton,42.37312,-83.47572,2021-01-15,24,Fair
2185,Nton,42.37312,-83.47572,2016-01-15,19,Poor
2187,Nton,42.37312,-83.47572,2014-01-15,20,Fair
2189,Nton,42.37312,-83.47572,2012-01-15,25,Fair
2190,Nton,42.37312,-83.47572,2011-01-15,16,Poor
2192,Nton,42.37312,-83.47572,2009-01-15,21,Fair
2193,Nton,42.37312,-83.47572,2008-01-15,23,Fair
2196,Nton,42.37312,-83.47572,2005-01-15,14,Poor
2197,Nton,42.37312,-83.47572,2004-01-15,12,Poor
2206,Peb1,42.50133,-83.32912,2017-01-15,30,Fair
2207,Peb1,42.50133,-83.32912,2016-01-15,12,Poor
2208,Peb1,42.50133,-83.32912,2015-01-15,27,Fair
2209,Peb1,42.50133,-83.32912,2014-01-15,26,Fair
2210,Peb1,42.50133,-83.32912,2013-01-15,28,Fair
2211,Peb1,42.50133,-83.32912,2012-01-15,24,Fair
2212,Peb1,42.50133,-83.32912,2011-01-15,36,Good
2214,Peb1,42.50133,-83.32912,2009-01-15,31,Fair
2215,Peb1,42.50133,-83.32912,2008-01-15,22,Fair
2216,Peb1,42.50133,-83.32912,2007-01-15,24,Fair
2218,Peb1,42.50133,-83.32912,2005-01-15,28,Fair
2219,Peb1,42.50133,-83.32912,2004-01-15,26,Fair
2220,Peb1,42.50133,-83.32912,2003-01-15,12,Poor
2221,Peb1,42.50133,-83.32912,2002-01-15,31,Fair
2222,Peb1,42.50133,-83.32912,2001-01-15,36,Good
2223,Peb2,42.51521,-83.34402,2022-01-15,29,Fair
2232,Peb2,42.51521,-83.34402,2013-01-15,23,Fair
2233,Peb2,42.51521,-83.34402,2012-01-15,24,Fair
2234,Peb2,42.51521,-83.34402,2011-01-15,30,Fair
2236,Peb2,42.51521,-83.34402,2009-01-15,23,Fair
2237,Peb2,42.51521,-83.34402,2008-01-15,37,Good
2240,Peb2,42.51521,-83.34402,2005-01-15,26,Fair
2245,Peb3,42.500849,-83.324474,2022-01-15,36,Good
2250,Peb3,42.500849,-83.324474,2017-01-15,26,Fair
2251,Peb3,42.500849,-83.324474,2016-01-15,14,Poor
2252,Peb3,42.500849,-83.324474,2015-01-15,28,Fair
2253,Peb3,42.500849,-83.324474,2014-01-15,21,Fair
2254,Peb3,42.500849,-83.324474,2013-01-15,35,Good
2255,Peb3,42.500849,-83.324474,2012-01-15,37,Good
2256,Peb3,42.500849,-83.324474,2011-01-15,32,Fair
2271,See2,42.48927,-83.40099,2018-01-15,31,Fair
2273,See2,42.48927,-83.40099,2016-01-15,21,Fair
2275,See2,42.48927,-83.40099,2014-01-15,26,Fair
2276,See2,42.48927,-83.40099,2013-01-15,26,Fair
2278,See2,42.48927,-83.40099,2011-01-15,33,Fair
2279,See2,42.48927,-83.40099,2010-01-15,25,Fair
2285,See2,42.48927,-83.40099,2004-01-15,17,Poor
2286,See2,42.48927,-83.40099,2003-01-15,16,Poor
2289,See3,42.51073,-83.4304,2022-01-15,19,Poor
2293,See3,42.51073,-83.4304,2018-01-15,26,Fair
2295,See3,42.51073,-83.4304,2016-01-15,25,Fair
2297,See3,42.51073,-83.4304,2014-01-15,28,Fair
2298,See3,42.51073,-83.4304,2013-01-15,20,Fair
2300,See3,42.51073,-83.4304,2011-01-15,20,Fair
2301,See3,42.51073,-83.4304,2010-01-15,33,Fair
2302,See3,42.51073,-83.4304,2009-01-15,18,Poor
2333,Sprag,42.6159714,-83.1920726,2022-01-15,42,Good
2334,Sprag,42.6159714,-83.1920726,2021-01-15,32,Fair
2337,Sprag,42.6159714,-83.1920726,2018-01-15,31,Fair
2338,Sprag,42.6159714,-83.1920726,2017-01-15,33,Fair
2339,Sprag,42.6159714,-83.1920726,2016-01-15,42,Good
2342,Sprag,42.6159714,-83.1920726,2013-01-15,34,Good
2345,Sprag,42.6159714,-83.1920726,2010-01-15,42,Good
2346,Sprag,42.6159714,-83.1920726,2009-01-15,54,Excellent
2347,Sprag,42.6159714,-83.1920726,2008-01-15,32,Fair
2350,Sprag,42.6159714,-83.1920726,2005-01-15,28,Fair
2371,Tar1,42.447798,-83.386233,2006-01-15,30,Fair
2372,Tar1,42.447798,-83.386233,2005-01-15,22,Fair
2373,Tar1,42.447798,-83.386233,2004-01-15,30,Fair
2374,Tar1,42.447798,-83.386233,2003-01-15,29,Fair
2382,Tar2,42.441084,-83.38423,2017-01-15,28,Fair
2383,Tar2,42.441084,-83.38423,2016-01-15,14,Poor
2384,Tar2,42.441084,-83.38423,2015-01-15,14,Poor
2386,Tar2,42.441084,-83.38423,2013-01-15,31,Fair
2388,Tar2,42.441084,-83.38423,2011-01-15,24,Fair
2392,Tar2,42.441084,-83.38423,2007-01-15,26,Fair
2393,Tar2,42.441084,-83.38423,2006-01-15,29,Fair
2395,Tar2,42.441084,-83.38423,2004-01-15,30,Fair
2397,Tar2,42.441084,-83.38423,2002-01-15,16,Poor
2399,Ton1,42.36701,-83.49895,2022-01-15,40,Good
2400,Ton1,42.36701,-83.49895,2021-01-15,44,Good
2402,Ton1,42.36701,-83.49895,2019-01-15,35,Good
2403,Ton1,42.36701,-83.49895,2018-01-15,34,Good
2404,Ton1,42.36701,-83.49895,2017-01-15,47,Good
2405,Ton1,42.36701,-83.49895,2016-01-15,38,Good
2406,Ton1,42.36701,-83.49895,2015-01-15,44,Good
2407,Ton1,42.36701,-83.49895,2014-01-15,40,Good
2408,Ton1,42.36701,-83.49895,2013-01-15,48,Good
2409,Ton1,42.36701,-83.49895,2012-01-15,57,Excellent
2410,Ton1,42.36701,-83.49895,2011-01-15,59,Excellent
2413,Ton1,42.36701,-83.49895,2008-01-15,46,Good
2414,Ton1,42.36701,-83.49895,2007-01-15,51,Excellent
2415,Ton1,42.36701,-83.49895,2006-01-15,25,Fair
2416,Ton1,42.36701,-83.49895,2005-01-15,28,Fair
2417,Ton1,42.36701,-83.49895,2004-01-15,33,Fair
2422,Ton1/2,42.3642907,-83.489154,2021-01-15,33,Fair
2425,Ton1/2,42.3642907,-83.489154,2018-01-15,35,Good
2428,Ton1/2,42.3642907,-83.489154,2015-01-15,26,Fair
2431,Ton1/2,42.3642907,-83.489154,2012-01-15,44,Good
2433,Ton1/2,42.3642907,-83.489154,2010-01-15,27,Fair
2435,Ton1/2,42.3642907,-83.489154,2008-01-15,30,Fair
2437,Ton1/2,42.3642907,-83.489154,2006-01-15,39,Good
2443,Ton2,42.35809,-83.46507,2022-01-15,17,Poor
2444,Ton2,42.35809,-83.46507,2021-01-15,20,Fair
2447,Ton2,42.35809,-83.46507,2018-01-15,9,Poor
2449,Ton2,42.35809,-83.46507,2016-01-15,25,Fair
2451,Ton2,42.35809,-83.46507,2014-01-15,19,Poor
2453,Ton2,42.35809,-83.46507,2012-01-15,30,Fair
2455,Ton2,42.35809,-83.46507,2010-01-15,22,Fair
2458,Ton2,42.35809,-83.46507,2007-01-15,22,Fair
2459,Ton2,42.35809,-83.46507,2006-01-15,23,Fair
2460,Ton2,42.35809,-83.46507,2005-01-15,10,Poor
2463,Ton2,42.35809,-83.46507,2002-01-15,8,Poor
2464,Ton2,42.35809,-83.46507,2001-01-15,13,Poor
2466,Up1,42.47526,-83.3854501,2021-01-15,20,Fair
2469,Up1,42.47526,-83.3854501,2018-01-15,25,Fair
2472,Up1,42.47526,-83.3854501,2015-01-15,30,Fair
2473,Up1,42.47526,-83.3854501,2014-01-15,22,Fair
2475,Up1,42.47526,-83.3854501,2012-01-15,28,Fair
2479,Up1,42.47526,-83.3854501,2008-01-15,17,Poor
2480,Up1,42.47526,-83.3854501,2007-01-15,23,Fair
2481,Up1,42.47526,-83.3854501,2006-01-15,20,Fair
2487,Up2,42.4632161,-83.3682334,2022-01-15,33,Fair
2488,Up2,42.4632161,-83.3682334,2021-01-15,21,Fair
2490,Up2,42.4632161,-83.3682334,2019-01-15,17,Poor
2491,Up2,42.4632161,-83.3682334,2018-01-15,13,Poor
2493,Up2,42.4632161,-83.3682334,2016-01-15,15,Poor
2495,Up2,42.4632161,-83.3682334,2014-01-15,22,Fair
2497,Up2,42.4632161,-83.3682334,2012-01-15,26,Fair
2500,Up2,42.4632161,-83.3682334,2009-01-15,20,Fair
2501,Up2,42.4632161,-83.3682334,2008-01-15,18,Poor
2502,Up2,42.4632161,-83.3682334,2007-01-15,29,Fair
2503,Up2,42.4632161,-83.3682334,2006-01-15,17,Poor
2504,Up2,42.4632161,-83.3682334,2005-01-15,26,Fair
2505,Up2,42.4632161,-83.3682334,2004-01-15,14,Poor
2506,Up2,42.4632161,-83.3682334,2003-01-15,19,Poor
2507,Up2,42.4632161,-83.3682334,2002-01-15,22,Fair
2516,UR-1,42.4111,-83.3029,2015-01-15,26,Fair
2517,UR-1,42.4111,-83.3029,2014-01-15,14,Poor
2518,UR-1,42.4111,-83.3029,2013-01-15,16,Poor
2521,UR-1,42.4111,-83.3029,2010-01-15,21,Fair
2522,UR-1,42.4111,-83.3029,2009-01-15,26,Fair
2523,UR-1,42.4111,-83.3029,2008-01-15,17,Poor
2536,UR-2,42.401803,-83.310759,2017-01-15,21,Fair
2539,UR-2,42.401803,-83.310759,2014-01-15,19,Poor
2541,UR-2,42.401803,-83.310759,2012-01-15,22,Fair
2542,UR-2,42.401803,-83.310759,2011-01-15,19,Poor
2543,UR-2,42.401803,-83.310759,2010-01-15,18,Poor
2544,UR-2,42.401803,-83.310759,2009-01-15,23,Fair
2557,UR-3,42.426303,-83.362972,2018-01-15,22,Fair
2563,UR-3,42.426303,-83.362972,2012-01-15,18,Poor
2564,UR-3,42.426303,-83.362972,2011-01-15,25,Fair
2565,UR-3,42.426303,-83.362972,2010-01-15,17,Poor
2566,UR-3,42.426303,-83.362972,2009-01-15,21,Fair
2578,UR-4,42.400014,-83.286158,2019-01-15,24,Fair
2579,UR-4,42.400014,-83.286158,2018-01-15,25,Fair
2582,UR-4,42.400014,-83.286158,2015-01-15,18,Poor
2583,UR-4,42.400014,-83.286158,2014-01-15,17,Poor
2584,UR-4,42.400014,-83.286158,2013-01-15,21,Fair
2585,UR-4,42.400014,-83.286158,2012-01-15,21,Fair
2586,UR-4,42.400014,-83.286158,2011-01-15,35,Good
2602,UR-5,42.411266,-83.379288,2017-01-15,27,Fair
2603,UR-5,42.411266,-83.379288,2016-01-15,23,Fair
2604,UR-5,42.411266,-83.379288,2015-01-15,20,Fair
2626,Wall0,42.43673,-83.47369,2015-01-15,21,Fair
2629,Wall0,42.43673,-83.47369,2012-01-15,18,Poor
2632,Wall0,42.43673,-83.47369,2009-01-15,29,Fair
2633,Wall0,42.43673,-83.47369,2008-01-15,36,Good
2635,Wall0,42.43673,-83.47369,2006-01-15,22,Fair
2636,Wall0,42.43673,-83.47369,2005-01-15,26,Fair
2642,Wall1,42.44957,-83.46525,2021-01-15,8,Poor
2648,Wall1,42.44957,-83.46525,2015-01-15,26,Fair
2651,Wall1,42.44957,-83.46525,2012-01-15,30,Fair
2655,Wall1,42.44957,-83.46525,2008-01-15,31,Fair
2656,Wall1,42.44957,-83.46525,2007-01-15,24,Fair
2657,Wall1,42.44957,-83.46525,2006-01-15,31,Fair
2658,Wall1,42.44957,-83.46525,2005-01-15,12,Poor
2659,Wall1,42.44957,-83.46525,2004-01-15,30,Fair
2660,Wall1,42.44957,-83.46525,2003-01-15,20,Fair
2661,Wall1,42.44957,-83.46525,2002-01-15,17,Poor
2663,Wall2,42.46732,-83.46623,2022-01-15,30,Fair
2664,Wall2,42.46732,-83.46623,2021-01-15,22,Fair
2668,Wall2,42.46732,-83.46623,2017-01-15,10,Poor
2670,Wall2,42.46732,-83.46623,2015-01-15,22,Fair
2672,Wall2,42.46732,-83.46623,2013-01-15,20,Fair
2674,Wall2,42.46732,-83.46623,2011-01-15,24,Fair
2675,Wall2,42.46732,-83.46623,2010-01-15,30,Fair
2677,Wall2,42.46732,-83.46623,2008-01-15,18,Poor
2681,Wall2,42.46732,-83.46623,2004-01-15,18,Poor
2682,Wall2,42.46732,-83.46623,2003-01-15,20,Fair
2683,Wall2,42.46732,-83.46623,2002-01-15,17,Poor
2684,Wall2,42.46732,-83.46623,2001-01-15,15,Poor
2686,Wall3,42.49486,-83.49575,2021-01-15,17,Poor
2690,Wall3,42.49486,-83.49575,2017-01-15,15,Poor
2692,Wall3,42.49486,-83.49575,2015-01-15,31,Fair
2694,Wall3,42.49486,-83.49575,2013-01-15,28,Fair
2696,Wall3,42.49486,-83.49575,2011-01-15,28,Fair
2697,Wall3,42.49486,-83.49575,2010-01-15,24,Fair
2698,Wall3,42.49486,-83.49575,2009-01-15,28,Fair
2717,Wall4,42.43354,-83.48056,2012-01-15,13,Poor
2719,Wall4,42.43354,-83.48056,2010-01-15,19,Poor
2720,Wall4,42.43354,-83.48056,2009-01-15,23,Fair
2721,Wall4,42.43354,-83.48056,2008-01-15,30,Fair
2736,Will1,42.33002,-83.46422,2015-01-15,34,Good
2738,Will1,42.33002,-83.46422,2013-01-15,20,Fair
2740,Will1,42.33002,-83.46422,2011-01-15,16,Poor
2742,Will1,42.33002,-83.46422,2009-01-15,35,Good
2745,Will1,42.33002,-83.46422,2006-01-15,11,Poor
2747,Will1,42.33002,-83.46422,2004-01-15,17,Poor
2748,Will1,42.33002,-83.46422,2003-01-15,25,Fair
